<?xml version="1.0" encoding="UTF-8"?>
<scheme name="Solarized Light" version="1" parent_scheme="Default">
  <option name="LINE_SPACING" value="1.3" />
  <option name="EDITOR_FONT_SIZE" value="14" />
  <option name="CONSOLE_FONT_SIZE" value="13" />
  <option name="EDITOR_FONT_NAME" value="Consolas" />
  <colors>
    <option name="ANNOTATIONS_COLOR" value="859900" />
    <option name="ANNOTATIONS_MERGED_COLOR" value="2aa198" />
    <option name="CARET_COLOR" value="93a1a1" />
    <option name="CARET_ROW_COLOR" value="eee8d5" />
    <option name="CONSOLE_BACKGROUND_KEY" value="fdf6e3" />
    <option name="GUTTER_BACKGROUND" value="fdf6e3" />
    <option name="HTML_TAG_TREE_LEVEL0" value="" />
    <option name="HTML_TAG_TREE_LEVEL1" value="" />
    <option name="HTML_TAG_TREE_LEVEL2" value="" />
    <option name="HTML_TAG_TREE_LEVEL3" value="" />
    <option name="HTML_TAG_TREE_LEVEL4" value="" />
    <option name="HTML_TAG_TREE_LEVEL5" value="" />
    <option name="INDENT_GUIDE" value="eee8d5" />
    <option name="LINE_NUMBERS_COLOR" value="93a1a1" />
    <option name="METHOD_SEPARATORS_COLOR" value="93a1a1" />
    <option name="NOTIFICATION_BACKGROUND" value="073642" />
    <option name="RECURSIVE_CALL_ATTRIBUTES" value="" />
    <option name="RIGHT_MARGIN_COLOR" value="" />
    <option name="SELECTED_INDENT_GUIDE" value="d33682" />
    <option name="SELECTED_TEARLINE_COLOR" value="93a1a1" />
    <option name="SELECTION_BACKGROUND" value="73642" />
    <option name="SELECTION_FOREGROUND" value="" />
    <option name="SOFT_WRAP_SIGN_COLOR" value="93a1a1" />
    <option name="TEARLINE_COLOR" value="93a1a1" />
    <option name="WHITESPACES" value="93a1a1" />
  </colors>
  <attributes>
    <option name="APACHE_CONFIG.ARG_LEXEM">
      <value>
        <option name="FOREGROUND" />
        <option name="BACKGROUND" />
        <option name="FONT_TYPE" value="1" />
        <option name="EFFECT_COLOR" />
        <option name="EFFECT_TYPE" value="0" />
        <option name="ERROR_STRIPE_COLOR" />
      </value>
    </option>
    <option name="APACHE_CONFIG.COMMENT">
      <value>
        <option name="FOREGROUND" value="93a1a1" />
        <option name="BACKGROUND" />
        <option name="FONT_TYPE" value="2" />
        <option name="EFFECT_COLOR" />
        <option name="EFFECT_TYPE" value="0" />
        <option name="ERROR_STRIPE_COLOR" />
      </value>
    </option>
    <option name="APACHE_CONFIG.IDENTIFIER">
      <value>
        <option name="FOREGROUND" value="268bd2" />
        <option name="BACKGROUND" />
        <option name="FONT_TYPE" value="1" />
        <option name="EFFECT_COLOR" />
        <option name="EFFECT_TYPE" value="0" />
        <option name="ERROR_STRIPE_COLOR" />
      </value>
    </option>
    <option name="BREAKPOINT_ATTRIBUTES">
      <value>
        <option name="FOREGROUND" />
        <option name="BACKGROUND" value="73642" />
        <option name="FONT_TYPE" value="0" />
        <option name="EFFECT_COLOR" />
        <option name="EFFECT_TYPE" value="0" />
        <option name="ERROR_STRIPE_COLOR" />
      </value>
    </option>
    <option name="COFFEESCRIPT.BAD_CHARACTER">
      <value>
        <option name="FOREGROUND" />
        <option name="BACKGROUND" value="dc322f" />
        <option name="FONT_TYPE" value="0" />
        <option name="EFFECT_COLOR" />
        <option name="EFFECT_TYPE" value="0" />
        <option name="ERROR_STRIPE_COLOR" />
      </value>
    </option>
    <option name="COFFEESCRIPT.BLOCK_COMMENT">
      <value>
        <option name="FOREGROUND" value="93a1a1" />
        <option name="BACKGROUND" />
        <option name="FONT_TYPE" value="2" />
        <option name="EFFECT_COLOR" />
        <option name="EFFECT_TYPE" value="0" />
        <option name="ERROR_STRIPE_COLOR" />
      </value>
    </option>
    <option name="COFFEESCRIPT.BOOLEAN">
      <value>
        <option name="FOREGROUND" value="6c71c4" />
        <option name="BACKGROUND" />
        <option name="FONT_TYPE" value="1" />
        <option name="EFFECT_COLOR" />
        <option name="EFFECT_TYPE" value="0" />
        <option name="ERROR_STRIPE_COLOR" />
      </value>
    </option>
    <option name="COFFEESCRIPT.CLASS_NAME">
      <value>
        <option name="FOREGROUND" value="b58900" />
        <option name="BACKGROUND" />
        <option name="FONT_TYPE" value="0" />
        <option name="EFFECT_COLOR" />
        <option name="EFFECT_TYPE" value="0" />
        <option name="ERROR_STRIPE_COLOR" />
      </value>
    </option>
    <option name="COFFEESCRIPT.ESCAPE_SEQUENCE">
      <value>
        <option name="FOREGROUND" value="6c71c4" />
        <option name="BACKGROUND" />
        <option name="FONT_TYPE" value="0" />
        <option name="EFFECT_COLOR" />
        <option name="EFFECT_TYPE" value="0" />
        <option name="ERROR_STRIPE_COLOR" />
      </value>
    </option>
    <option name="COFFEESCRIPT.EXPRESSIONS_SUBSTITUTION_MARK">
      <value>
        <option name="FOREGROUND" />
        <option name="BACKGROUND" />
        <option name="FONT_TYPE" value="0" />
        <option name="EFFECT_COLOR" />
        <option name="EFFECT_TYPE" value="0" />
        <option name="ERROR_STRIPE_COLOR" />
      </value>
    </option>
    <option name="COFFEESCRIPT.FUNCTION">
      <value>
        <option name="FOREGROUND" value="268bd2" />
        <option name="BACKGROUND" />
        <option name="FONT_TYPE" value="0" />
        <option name="EFFECT_COLOR" />
        <option name="EFFECT_TYPE" value="0" />
        <option name="ERROR_STRIPE_COLOR" />
      </value>
    </option>
    <option name="COFFEESCRIPT.FUNCTION_BINDING">
      <value>
        <option name="FOREGROUND" value="268bd2" />
        <option name="BACKGROUND" />
        <option name="FONT_TYPE" value="0" />
        <option name="EFFECT_COLOR" />
        <option name="EFFECT_TYPE" value="0" />
        <option name="ERROR_STRIPE_COLOR" />
      </value>
    </option>
    <option name="COFFEESCRIPT.FUNCTION_NAME">
      <value>
        <option name="FOREGROUND" value="cb4b16" />
        <option name="BACKGROUND" />
        <option name="FONT_TYPE" value="0" />
        <option name="EFFECT_COLOR" />
        <option name="EFFECT_TYPE" value="0" />
        <option name="ERROR_STRIPE_COLOR" />
      </value>
    </option>
    <option name="COFFEESCRIPT.GLOBAL_VARIABLE">
      <value>
        <option name="FOREGROUND" value="859900" />
        <option name="BACKGROUND" />
        <option name="FONT_TYPE" value="1" />
        <option name="EFFECT_COLOR" />
        <option name="EFFECT_TYPE" value="0" />
        <option name="ERROR_STRIPE_COLOR" />
      </value>
    </option>
    <option name="COFFEESCRIPT.HEREDOC_CONTENT">
      <value>
        <option name="FOREGROUND" value="268bd2" />
        <option name="BACKGROUND" />
        <option name="FONT_TYPE" value="0" />
        <option name="EFFECT_COLOR" />
        <option name="EFFECT_TYPE" value="0" />
        <option name="ERROR_STRIPE_COLOR" />
      </value>
    </option>
    <option name="COFFEESCRIPT.HEREDOC_ID">
      <value>
        <option name="FOREGROUND" value="268bd2" />
        <option name="BACKGROUND" />
        <option name="FONT_TYPE" value="0" />
        <option name="EFFECT_COLOR" />
        <option name="EFFECT_TYPE" value="0" />
        <option name="ERROR_STRIPE_COLOR" />
      </value>
    </option>
    <option name="COFFEESCRIPT.HEREGEX_CONTENT">
      <value>
        <option name="FOREGROUND" value="859900" />
        <option name="BACKGROUND" />
        <option name="FONT_TYPE" value="0" />
        <option name="EFFECT_COLOR" />
        <option name="EFFECT_TYPE" value="0" />
        <option name="ERROR_STRIPE_COLOR" />
      </value>
    </option>
    <option name="COFFEESCRIPT.HEREGEX_ID">
      <value>
        <option name="FOREGROUND" value="859900" />
        <option name="BACKGROUND" />
        <option name="FONT_TYPE" value="0" />
        <option name="EFFECT_COLOR" />
        <option name="EFFECT_TYPE" value="0" />
        <option name="ERROR_STRIPE_COLOR" />
      </value>
    </option>
    <option name="COFFEESCRIPT.JAVASCRIPT_CONTENT">
      <value>
        <option name="FOREGROUND" />
        <option name="BACKGROUND" />
        <option name="FONT_TYPE" value="2" />
        <option name="EFFECT_COLOR" />
        <option name="EFFECT_TYPE" value="0" />
        <option name="ERROR_STRIPE_COLOR" />
      </value>
    </option>
    <option name="COFFEESCRIPT.JAVASCRIPT_ID">
      <value>
        <option name="FOREGROUND" />
        <option name="BACKGROUND" />
        <option name="FONT_TYPE" value="0" />
        <option name="EFFECT_COLOR" />
        <option name="EFFECT_TYPE" value="0" />
        <option name="ERROR_STRIPE_COLOR" />
      </value>
    </option>
    <option name="COFFEESCRIPT.KEYWORD">
      <value>
        <option name="FOREGROUND" value="268bd2" />
        <option name="BACKGROUND" />
        <option name="FONT_TYPE" value="0" />
        <option name="EFFECT_COLOR" />
        <option name="EFFECT_TYPE" value="0" />
        <option name="ERROR_STRIPE_COLOR" />
      </value>
    </option>
    <option name="COFFEESCRIPT.LINE_COMMENT">
      <value>
        <option name="FOREGROUND" value="93a1a1" />
        <option name="BACKGROUND" />
        <option name="FONT_TYPE" value="2" />
        <option name="EFFECT_COLOR" />
        <option name="EFFECT_TYPE" value="0" />
        <option name="ERROR_STRIPE_COLOR" />
      </value>
    </option>
    <option name="COFFEESCRIPT.LOCAL_VARIABLE">
      <value>
        <option name="FOREGROUND" value="859900" />
        <option name="BACKGROUND" />
        <option name="FONT_TYPE" value="0" />
        <option name="EFFECT_COLOR" />
        <option name="EFFECT_TYPE" value="-1" />
        <option name="ERROR_STRIPE_COLOR" />
      </value>
    </option>
    <option name="COFFEESCRIPT.NUMBER">
      <value>
        <option name="FOREGROUND" value="268bd2" />
        <option name="BACKGROUND" />
        <option name="FONT_TYPE" value="0" />
        <option name="EFFECT_COLOR" />
        <option name="EFFECT_TYPE" value="0" />
        <option name="ERROR_STRIPE_COLOR" />
      </value>
    </option>
    <option name="COFFEESCRIPT.REGULAR_EXPRESSION_CONTENT">
      <value>
        <option name="FOREGROUND" value="2aa198" />
        <option name="BACKGROUND" />
        <option name="FONT_TYPE" value="0" />
        <option name="EFFECT_COLOR" />
        <option name="EFFECT_TYPE" value="0" />
        <option name="ERROR_STRIPE_COLOR" />
      </value>
    </option>
    <option name="COFFEESCRIPT.REGULAR_EXPRESSION_FLAG">
      <value>
        <option name="FOREGROUND" value="d33682" />
        <option name="BACKGROUND" />
        <option name="FONT_TYPE" value="0" />
        <option name="EFFECT_COLOR" />
        <option name="EFFECT_TYPE" value="0" />
        <option name="ERROR_STRIPE_COLOR" />
      </value>
    </option>
    <option name="COFFEESCRIPT.REGULAR_EXPRESSION_ID">
      <value>
        <option name="FOREGROUND" value="6c71c4" />
        <option name="BACKGROUND" />
        <option name="FONT_TYPE" value="0" />
        <option name="EFFECT_COLOR" />
        <option name="EFFECT_TYPE" value="0" />
        <option name="ERROR_STRIPE_COLOR" />
      </value>
    </option>
    <option name="COFFEESCRIPT.STRING">
      <value>
        <option name="FOREGROUND" value="2aa198" />
        <option name="BACKGROUND" />
        <option name="FONT_TYPE" value="0" />
        <option name="EFFECT_COLOR" />
        <option name="EFFECT_TYPE" value="0" />
        <option name="ERROR_STRIPE_COLOR" />
      </value>
    </option>
    <option name="COFFEESCRIPT.STRING_LITERAL">
      <value>
        <option name="FOREGROUND" value="2aa198" />
        <option name="BACKGROUND" />
        <option name="FONT_TYPE" value="0" />
        <option name="EFFECT_COLOR" />
        <option name="EFFECT_TYPE" value="0" />
        <option name="ERROR_STRIPE_COLOR" />
      </value>
    </option>
    <option name="COFFEESCRIPT.THIS">
      <value>
        <option name="FOREGROUND" value="859900" />
        <option name="BACKGROUND" />
        <option name="FONT_TYPE" value="0" />
        <option name="EFFECT_COLOR" />
        <option name="EFFECT_TYPE" value="0" />
        <option name="ERROR_STRIPE_COLOR" />
      </value>
    </option>
    <option name="CONSOLE_BLUE_OUTPUT">
      <value>
        <option name="FOREGROUND" value="268bd2" />
        <option name="BACKGROUND" />
        <option name="FONT_TYPE" value="0" />
        <option name="EFFECT_COLOR" />
        <option name="EFFECT_TYPE" value="0" />
        <option name="ERROR_STRIPE_COLOR" />
      </value>
    </option>
    <option name="CONSOLE_CYAN_OUTPUT">
      <value>
        <option name="FOREGROUND" value="2aa198" />
        <option name="BACKGROUND" />
        <option name="FONT_TYPE" value="0" />
        <option name="EFFECT_COLOR" />
        <option name="EFFECT_TYPE" value="0" />
        <option name="ERROR_STRIPE_COLOR" />
      </value>
    </option>
    <option name="CONSOLE_ERROR_OUTPUT">
      <value>
        <option name="FOREGROUND" />
        <option name="BACKGROUND" />
        <option name="FONT_TYPE" value="0" />
        <option name="EFFECT_COLOR" />
        <option name="EFFECT_TYPE" value="0" />
        <option name="ERROR_STRIPE_COLOR" />
      </value>
    </option>
    <option name="CONSOLE_GRAY_OUTPUT">
      <value>
        <option name="FOREGROUND" value="93a1a1" />
        <option name="BACKGROUND" />
        <option name="FONT_TYPE" value="0" />
        <option name="EFFECT_COLOR" />
        <option name="EFFECT_TYPE" value="0" />
        <option name="ERROR_STRIPE_COLOR" />
      </value>
    </option>
    <option name="CONSOLE_GREEN_OUTPUT">
      <value>
        <option name="FOREGROUND" value="859900" />
        <option name="BACKGROUND" />
        <option name="FONT_TYPE" value="0" />
        <option name="EFFECT_COLOR" />
        <option name="EFFECT_TYPE" value="0" />
        <option name="ERROR_STRIPE_COLOR" />
      </value>
    </option>
    <option name="CONSOLE_MAGENTA_OUTPUT">
      <value>
        <option name="FOREGROUND" value="d33682" />
        <option name="BACKGROUND" />
        <option name="FONT_TYPE" value="0" />
        <option name="EFFECT_COLOR" />
        <option name="EFFECT_TYPE" value="0" />
        <option name="ERROR_STRIPE_COLOR" />
      </value>
    </option>
    <option name="CONSOLE_NORMAL_OUTPUT">
      <value>
        <option name="FOREGROUND" />
        <option name="BACKGROUND" />
        <option name="FONT_TYPE" value="0" />
        <option name="EFFECT_COLOR" />
        <option name="EFFECT_TYPE" value="0" />
        <option name="ERROR_STRIPE_COLOR" />
      </value>
    </option>
    <option name="CONSOLE_RED_OUTPUT">
      <value>
        <option name="FOREGROUND" value="dc322f" />
        <option name="BACKGROUND" />
        <option name="FONT_TYPE" value="0" />
        <option name="EFFECT_COLOR" />
        <option name="EFFECT_TYPE" value="0" />
        <option name="ERROR_STRIPE_COLOR" />
      </value>
    </option>
    <option name="CONSOLE_SYSTEM_OUTPUT">
      <value>
        <option name="FOREGROUND" />
        <option name="BACKGROUND" />
        <option name="FONT_TYPE" value="0" />
        <option name="EFFECT_COLOR" />
        <option name="EFFECT_TYPE" value="0" />
        <option name="ERROR_STRIPE_COLOR" />
      </value>
    </option>
    <option name="CONSOLE_USER_INPUT">
      <value>
        <option name="FOREGROUND" />
        <option name="BACKGROUND" />
        <option name="FONT_TYPE" value="2" />
        <option name="EFFECT_COLOR" />
        <option name="EFFECT_TYPE" value="0" />
        <option name="ERROR_STRIPE_COLOR" />
      </value>
    </option>
    <option name="CONSOLE_YELLOW_OUTPUT">
      <value>
        <option name="FOREGROUND" value="b58900" />
        <option name="BACKGROUND" />
        <option name="FONT_TYPE" value="0" />
        <option name="EFFECT_COLOR" />
        <option name="EFFECT_TYPE" value="0" />
        <option name="ERROR_STRIPE_COLOR" />
      </value>
    </option>
    <option name="CSS.COMMENT">
      <value>
        <option name="FOREGROUND" value="93a1a1" />
        <option name="BACKGROUND" />
        <option name="FONT_TYPE" value="2" />
        <option name="EFFECT_COLOR" />
        <option name="EFFECT_TYPE" value="0" />
        <option name="ERROR_STRIPE_COLOR" />
      </value>
    </option>
    <option name="CSS.FUNCTION">
      <value>
        <option name="FOREGROUND" value="cb4b16" />
        <option name="BACKGROUND" />
        <option name="FONT_TYPE" value="0" />
        <option name="EFFECT_COLOR" />
        <option name="EFFECT_TYPE" value="0" />
        <option name="ERROR_STRIPE_COLOR" />
      </value>
    </option>
    <option name="CSS.IDENT">
      <value>
        <option name="FOREGROUND" value="b58900" />
        <option name="BACKGROUND" />
        <option name="FONT_TYPE" value="0" />
        <option name="EFFECT_COLOR" />
        <option name="EFFECT_TYPE" value="0" />
        <option name="ERROR_STRIPE_COLOR" />
      </value>
    </option>
    <option name="CSS.IMPORTANT">
      <value>
        <option name="FOREGROUND" value="dc322f" />
        <option name="BACKGROUND" />
        <option name="FONT_TYPE" value="0" />
        <option name="EFFECT_COLOR" />
        <option name="EFFECT_TYPE" value="0" />
        <option name="ERROR_STRIPE_COLOR" />
      </value>
    </option>
    <option name="CSS.KEYWORD">
      <value>
        <option name="FOREGROUND" value="859900" />
        <option name="BACKGROUND" />
        <option name="FONT_TYPE" value="0" />
        <option name="EFFECT_COLOR" />
        <option name="EFFECT_TYPE" value="1" />
        <option name="ERROR_STRIPE_COLOR" />
      </value>
    </option>
    <option name="CSS.NUMBER">
      <value>
        <option name="FOREGROUND" value="268bd2" />
        <option name="BACKGROUND" />
        <option name="FONT_TYPE" value="0" />
        <option name="EFFECT_COLOR" />
        <option name="EFFECT_TYPE" value="0" />
        <option name="ERROR_STRIPE_COLOR" />
      </value>
    </option>
    <option name="CSS.PROPERTY_NAME">
      <value>
        <option name="FOREGROUND" />
        <option name="BACKGROUND" />
        <option name="FONT_TYPE" value="0" />
        <option name="EFFECT_COLOR" />
        <option name="EFFECT_TYPE" value="0" />
        <option name="ERROR_STRIPE_COLOR" />
      </value>
    </option>
    <option name="CSS.PROPERTY_VALUE">
      <value>
        <option name="FOREGROUND" value="2aa198" />
        <option name="BACKGROUND" />
        <option name="FONT_TYPE" value="0" />
        <option name="EFFECT_COLOR" />
        <option name="EFFECT_TYPE" value="0" />
        <option name="ERROR_STRIPE_COLOR" />
      </value>
    </option>
    <option name="CSS.STRING">
      <value>
        <option name="FOREGROUND" value="2aa198" />
        <option name="BACKGROUND" />
        <option name="FONT_TYPE" value="0" />
        <option name="EFFECT_COLOR" />
        <option name="EFFECT_TYPE" value="0" />
        <option name="ERROR_STRIPE_COLOR" />
      </value>
    </option>
    <option name="CSS.TAG_NAME">
      <value>
        <option name="FOREGROUND" value="859900" />
        <option name="BACKGROUND" />
        <option name="FONT_TYPE" value="0" />
        <option name="EFFECT_COLOR" />
        <option name="EFFECT_TYPE" value="0" />
        <option name="ERROR_STRIPE_COLOR" />
      </value>
    </option>
    <option name="CSS.URL">
      <value>
        <option name="FOREGROUND" value="2aa198" />
        <option name="BACKGROUND" />
        <option name="FONT_TYPE" value="0" />
        <option name="EFFECT_COLOR" />
        <option name="EFFECT_TYPE" value="0" />
        <option name="ERROR_STRIPE_COLOR" />
      </value>
    </option>
    <option name="CUSTOM_INVALID_STRING_ESCAPE_ATTRIBUTES">
      <value>
        <option name="FOREGROUND" value="2aa198" />
        <option name="BACKGROUND" />
        <option name="FONT_TYPE" value="0" />
        <option name="EFFECT_COLOR" />
        <option name="EFFECT_TYPE" value="0" />
        <option name="ERROR_STRIPE_COLOR" />
      </value>
    </option>
    <option name="CUSTOM_KEYWORD1_ATTRIBUTES">
      <value>
        <option name="FOREGROUND" value="859900" />
        <option name="BACKGROUND" />
        <option name="FONT_TYPE" value="0" />
        <option name="EFFECT_COLOR" />
        <option name="EFFECT_TYPE" value="0" />
        <option name="ERROR_STRIPE_COLOR" />
      </value>
    </option>
    <option name="CUSTOM_KEYWORD2_ATTRIBUTES">
      <value>
        <option name="FOREGROUND" value="2aa198" />
        <option name="BACKGROUND" />
        <option name="FONT_TYPE" value="0" />
        <option name="EFFECT_COLOR" />
        <option name="EFFECT_TYPE" value="0" />
        <option name="ERROR_STRIPE_COLOR" />
      </value>
    </option>
    <option name="CUSTOM_KEYWORD3_ATTRIBUTES">
      <value>
        <option name="FOREGROUND" value="268bd2" />
        <option name="BACKGROUND" />
        <option name="FONT_TYPE" value="0" />
        <option name="EFFECT_COLOR" />
        <option name="EFFECT_TYPE" value="0" />
        <option name="ERROR_STRIPE_COLOR" />
      </value>
    </option>
    <option name="CUSTOM_KEYWORD4_ATTRIBUTES">
      <value>
        <option name="FOREGROUND" value="6c71c4" />
        <option name="BACKGROUND" />
        <option name="FONT_TYPE" value="0" />
        <option name="EFFECT_COLOR" />
        <option name="EFFECT_TYPE" value="0" />
        <option name="ERROR_STRIPE_COLOR" />
      </value>
    </option>
    <option name="CUSTOM_LINE_COMMENT_ATTRIBUTES">
      <value>
        <option name="FOREGROUND" value="93a1a1" />
        <option name="BACKGROUND" />
        <option name="FONT_TYPE" value="2" />
        <option name="EFFECT_COLOR" />
        <option name="EFFECT_TYPE" value="0" />
        <option name="ERROR_STRIPE_COLOR" />
      </value>
    </option>
    <option name="CUSTOM_MULTI_LINE_COMMENT_ATTRIBUTES">
      <value>
        <option name="FOREGROUND" value="93a1a1" />
        <option name="BACKGROUND" />
        <option name="FONT_TYPE" value="2" />
        <option name="EFFECT_COLOR" />
        <option name="EFFECT_TYPE" value="0" />
        <option name="ERROR_STRIPE_COLOR" />
      </value>
    </option>
    <option name="CUSTOM_NUMBER_ATTRIBUTES">
      <value>
        <option name="FOREGROUND" value="268bd2" />
        <option name="BACKGROUND" />
        <option name="FONT_TYPE" value="0" />
        <option name="EFFECT_COLOR" />
        <option name="EFFECT_TYPE" value="0" />
        <option name="ERROR_STRIPE_COLOR" />
      </value>
    </option>
    <option name="CUSTOM_STRING_ATTRIBUTES">
      <value>
        <option name="FOREGROUND" value="2aa198" />
        <option name="BACKGROUND" />
        <option name="FONT_TYPE" value="0" />
        <option name="EFFECT_COLOR" />
        <option name="EFFECT_TYPE" value="0" />
        <option name="ERROR_STRIPE_COLOR" />
      </value>
    </option>
    <option name="CUSTOM_VALID_STRING_ESCAPE_ATTRIBUTES">
      <value>
        <option name="FOREGROUND" value="6c71c4" />
        <option name="BACKGROUND" />
        <option name="FONT_TYPE" value="0" />
        <option name="EFFECT_COLOR" />
        <option name="EFFECT_TYPE" value="0" />
        <option name="ERROR_STRIPE_COLOR" />
      </value>
    </option>
    <option name="DELETED_TEXT_ATTRIBUTES">
      <value>
        <option name="FOREGROUND" value="dc322f" />
        <option name="BACKGROUND" />
        <option name="FONT_TYPE" value="1" />
        <option name="EFFECT_COLOR" />
        <option name="EFFECT_TYPE" value="1" />
        <option name="ERROR_STRIPE_COLOR" />
      </value>
    </option>
    <option name="DEPRECATED_ATTRIBUTES">
      <value>
        <option name="FOREGROUND" />
        <option name="BACKGROUND" />
        <option name="FONT_TYPE" value="0" />
        <option name="EFFECT_COLOR" value="93a1a1" />
        <option name="EFFECT_TYPE" value="3" />
        <option name="ERROR_STRIPE_COLOR" />
      </value>
    </option>
    <option name="DIFF_CONFLICT">
      <value>
        <option name="FOREGROUND" />
        <option name="BACKGROUND" value="ffd7ce" />
        <option name="FONT_TYPE" value="0" />
        <option name="EFFECT_COLOR" />
        <option name="EFFECT_TYPE" value="0" />
        <option name="ERROR_STRIPE_COLOR" value="ffc8bd" />
      </value>
    </option>
    <option name="DIFF_DELETED">
      <value>
        <option name="FOREGROUND" />
        <option name="BACKGROUND" value="a8a8a8" />
        <option name="FONT_TYPE" value="0" />
        <option name="EFFECT_COLOR" />
        <option name="EFFECT_TYPE" value="0" />
        <option name="ERROR_STRIPE_COLOR" value="cbcbcb" />
      </value>
    </option>
    <option name="DIFF_INSERTED">
      <value>
        <option name="FOREGROUND" />
        <option name="BACKGROUND" value="daffda" />
        <option name="FONT_TYPE" value="0" />
        <option name="EFFECT_COLOR" />
        <option name="EFFECT_TYPE" value="0" />
        <option name="ERROR_STRIPE_COLOR" value="baeeba" />
      </value>
    </option>
    <option name="DIFF_MODIFIED">
      <value>
        <option name="FOREGROUND" />
        <option name="BACKGROUND" value="d8e4ff" />
        <option name="FONT_TYPE" value="0" />
        <option name="EFFECT_COLOR" />
        <option name="EFFECT_TYPE" value="0" />
        <option name="ERROR_STRIPE_COLOR" value="bccff9" />
      </value>
    </option>
    <option name="DUPLICATE_FROM_SERVER">
      <value>
        <option name="FOREGROUND" />
        <option name="BACKGROUND" />
        <option name="FONT_TYPE" value="0" />
        <option name="EFFECT_COLOR" />
        <option name="EFFECT_TYPE" value="0" />
        <option name="ERROR_STRIPE_COLOR" />
      </value>
    </option>
    <option name="EL.BOUNDS">
      <value>
        <option name="FOREGROUND" value="cb4b16" />
        <option name="BACKGROUND" />
        <option name="FONT_TYPE" value="0" />
        <option name="EFFECT_COLOR" />
        <option name="EFFECT_TYPE" value="0" />
        <option name="ERROR_STRIPE_COLOR" />
      </value>
    </option>
    <option name="EL.KEYWORD">
      <value>
        <option name="FOREGROUND" value="268bd2" />
        <option name="BACKGROUND" />
        <option name="FONT_TYPE" value="0" />
        <option name="EFFECT_COLOR" />
        <option name="EFFECT_TYPE" value="0" />
        <option name="ERROR_STRIPE_COLOR" />
      </value>
    </option>
    <option name="EL.NUMBER">
      <value>
        <option name="FOREGROUND" value="268bd2" />
        <option name="BACKGROUND" />
        <option name="FONT_TYPE" value="0" />
        <option name="EFFECT_COLOR" />
        <option name="EFFECT_TYPE" value="0" />
        <option name="ERROR_STRIPE_COLOR" />
      </value>
    </option>
    <option name="EL.STRING">
      <value>
        <option name="FOREGROUND" value="2aa198" />
        <option name="BACKGROUND" />
        <option name="FONT_TYPE" value="0" />
        <option name="EFFECT_COLOR" />
        <option name="EFFECT_TYPE" value="0" />
        <option name="ERROR_STRIPE_COLOR" />
      </value>
    </option>
    <option name="EL_BACKGROUND">
      <value>
        <option name="FOREGROUND" />
        <option name="BACKGROUND" value="fdf6e3" />
        <option name="FONT_TYPE" value="0" />
        <option name="EFFECT_COLOR" />
        <option name="EFFECT_TYPE" value="0" />
        <option name="ERROR_STRIPE_COLOR" />
      </value>
    </option>
    <option name="ERRORS_ATTRIBUTES">
      <value>
        <option name="FOREGROUND" />
        <option name="BACKGROUND" />
        <option name="FONT_TYPE" value="0" />
        <option name="EFFECT_COLOR" value="dc322f" />
        <option name="EFFECT_TYPE" value="5" />
        <option name="ERROR_STRIPE_COLOR" value="ff0000" />
      </value>
    </option>
    <option name="EXECUTIONPOINT_ATTRIBUTES">
      <value>
        <option name="FOREGROUND" />
        <option name="BACKGROUND" />
        <option name="FONT_TYPE" value="0" />
        <option name="EFFECT_COLOR" />
        <option name="EFFECT_TYPE" value="0" />
        <option name="ERROR_STRIPE_COLOR" />
      </value>
    </option>
    <option name="FOLDED_TEXT_ATTRIBUTES">
      <value>
        <option name="FOREGROUND" value="cb4b16" />
        <option name="BACKGROUND" />
        <option name="FONT_TYPE" value="1" />
        <option name="EFFECT_COLOR" />
        <option name="EFFECT_TYPE" value="1" />
        <option name="ERROR_STRIPE_COLOR" />
      </value>
    </option>
    <option name="FOLLOWED_HYPERLINK_ATTRIBUTES">
      <value>
        <option name="FOREGROUND" value="268bd2" />
        <option name="BACKGROUND" />
        <option name="FONT_TYPE" value="2" />
        <option name="EFFECT_COLOR" value="268bd2" />
        <option name="EFFECT_TYPE" value="1" />
        <option name="ERROR_STRIPE_COLOR" />
      </value>
    </option>
    <option name="GENERIC_SERVER_ERROR_OR_WARNING">
      <value>
        <option name="FOREGROUND" />
        <option name="BACKGROUND" />
        <option name="FONT_TYPE" value="0" />
        <option name="EFFECT_COLOR" value="cb4b16" />
        <option name="EFFECT_TYPE" value="2" />
        <option name="ERROR_STRIPE_COLOR" value="f49810" />
      </value>
    </option>
    <option name="GHERKIN_COMMENT">
      <value>
        <option name="FOREGROUND" value="93a1a1" />
        <option name="BACKGROUND" />
        <option name="FONT_TYPE" value="2" />
        <option name="EFFECT_COLOR" />
        <option name="EFFECT_TYPE" value="0" />
        <option name="ERROR_STRIPE_COLOR" />
      </value>
    </option>
    <option name="GHERKIN_KEYWORD">
      <value>
        <option name="FOREGROUND" value="268bd2" />
        <option name="BACKGROUND" />
        <option name="FONT_TYPE" value="0" />
        <option name="EFFECT_COLOR" />
        <option name="EFFECT_TYPE" value="0" />
        <option name="ERROR_STRIPE_COLOR" />
      </value>
    </option>
    <option name="GHERKIN_OUTLINE_PARAMETER_SUBSTITUTION">
      <value>
        <option name="FOREGROUND" value="cb4b16" />
        <option name="BACKGROUND" />
        <option name="FONT_TYPE" value="0" />
        <option name="EFFECT_COLOR" />
        <option name="EFFECT_TYPE" value="0" />
        <option name="ERROR_STRIPE_COLOR" />
      </value>
    </option>
    <option name="GHERKIN_PYSTRING">
      <value>
        <option name="FOREGROUND" value="2aa198" />
        <option name="BACKGROUND" />
        <option name="FONT_TYPE" value="0" />
        <option name="EFFECT_COLOR" />
        <option name="EFFECT_TYPE" value="0" />
        <option name="ERROR_STRIPE_COLOR" />
      </value>
    </option>
    <option name="GHERKIN_REGEXP_PARAMETER">
      <value>
        <option name="FOREGROUND" value="6c71c4" />
        <option name="BACKGROUND" />
        <option name="FONT_TYPE" value="0" />
        <option name="EFFECT_COLOR" />
        <option name="EFFECT_TYPE" value="0" />
        <option name="ERROR_STRIPE_COLOR" />
      </value>
    </option>
    <option name="GHERKIN_TABLE_CELL">
      <value>
        <option name="FOREGROUND" value="2aa198" />
        <option name="BACKGROUND" />
        <option name="FONT_TYPE" value="0" />
        <option name="EFFECT_COLOR" />
        <option name="EFFECT_TYPE" value="0" />
        <option name="ERROR_STRIPE_COLOR" />
      </value>
    </option>
    <option name="GHERKIN_TABLE_HEADER_CELL">
      <value>
        <option name="FOREGROUND" value="2aa198" />
        <option name="BACKGROUND" />
        <option name="FONT_TYPE" value="1" />
        <option name="EFFECT_COLOR" />
        <option name="EFFECT_TYPE" value="0" />
        <option name="ERROR_STRIPE_COLOR" />
      </value>
    </option>
    <option name="GHERKIN_TABLE_PIPE">
      <value>
        <option name="FOREGROUND" />
        <option name="BACKGROUND" />
        <option name="FONT_TYPE" value="0" />
        <option name="EFFECT_COLOR" />
        <option name="EFFECT_TYPE" value="0" />
        <option name="ERROR_STRIPE_COLOR" />
      </value>
    </option>
    <option name="GHERKIN_TAG">
      <value>
        <option name="FOREGROUND" value="859900" />
        <option name="BACKGROUND" />
        <option name="FONT_TYPE" value="0" />
        <option name="EFFECT_COLOR" />
        <option name="EFFECT_TYPE" value="0" />
        <option name="ERROR_STRIPE_COLOR" />
      </value>
    </option>
    <option name="HAML_CLASS">
      <value>
        <option name="FOREGROUND" value="b58900" />
        <option name="BACKGROUND" />
        <option name="FONT_TYPE" value="0" />
        <option name="EFFECT_COLOR" />
        <option name="EFFECT_TYPE" value="0" />
        <option name="ERROR_STRIPE_COLOR" />
      </value>
    </option>
    <option name="HAML_COMMENT">
      <value>
        <option name="FOREGROUND" value="93a1a1" />
        <option name="BACKGROUND" />
        <option name="FONT_TYPE" value="2" />
        <option name="EFFECT_COLOR" />
        <option name="EFFECT_TYPE" value="0" />
        <option name="ERROR_STRIPE_COLOR" />
      </value>
    </option>
    <option name="HAML_FILTER">
      <value>
        <option name="FOREGROUND" value="cb4b16" />
        <option name="BACKGROUND" />
        <option name="FONT_TYPE" value="0" />
        <option name="EFFECT_COLOR" />
        <option name="EFFECT_TYPE" value="0" />
        <option name="ERROR_STRIPE_COLOR" />
      </value>
    </option>
    <option name="HAML_FILTER_CONTENT">
      <value>
        <option name="FOREGROUND" />
        <option name="BACKGROUND" />
        <option name="FONT_TYPE" value="2" />
        <option name="EFFECT_COLOR" />
        <option name="EFFECT_TYPE" value="0" />
        <option name="ERROR_STRIPE_COLOR" />
      </value>
    </option>
    <option name="HAML_ID">
      <value>
        <option name="FOREGROUND" value="b58900" />
        <option name="BACKGROUND" />
        <option name="FONT_TYPE" value="1" />
        <option name="EFFECT_COLOR" />
        <option name="EFFECT_TYPE" value="0" />
        <option name="ERROR_STRIPE_COLOR" />
      </value>
    </option>
    <option name="HAML_LINE_CONTINUATION">
      <value>
        <option name="FOREGROUND" />
        <option name="BACKGROUND" />
        <option name="FONT_TYPE" value="0" />
        <option name="EFFECT_COLOR" />
        <option name="EFFECT_TYPE" value="0" />
        <option name="ERROR_STRIPE_COLOR" />
      </value>
    </option>
    <option name="HAML_RUBY_CODE">
      <value>
        <option name="FOREGROUND" />
        <option name="BACKGROUND" />
        <option name="FONT_TYPE" value="2" />
        <option name="EFFECT_COLOR" />
        <option name="EFFECT_TYPE" value="0" />
        <option name="ERROR_STRIPE_COLOR" />
      </value>
    </option>
    <option name="HAML_RUBY_START">
      <value>
        <option name="FOREGROUND" />
        <option name="BACKGROUND" />
        <option name="FONT_TYPE" value="0" />
        <option name="EFFECT_COLOR" />
        <option name="EFFECT_TYPE" value="0" />
        <option name="ERROR_STRIPE_COLOR" />
      </value>
    </option>
    <option name="HAML_STRING">
      <value>
        <option name="FOREGROUND" value="2aa198" />
        <option name="BACKGROUND" />
        <option name="FONT_TYPE" value="0" />
        <option name="EFFECT_COLOR" />
        <option name="EFFECT_TYPE" value="0" />
        <option name="ERROR_STRIPE_COLOR" />
      </value>
    </option>
    <option name="HAML_STRING_INTERPOLATED">
      <value>
        <option name="FOREGROUND" value="2aa198" />
        <option name="BACKGROUND" />
        <option name="FONT_TYPE" value="0" />
        <option name="EFFECT_COLOR" />
        <option name="EFFECT_TYPE" value="0" />
        <option name="ERROR_STRIPE_COLOR" />
      </value>
    </option>
    <option name="HAML_TAG">
      <value>
        <option name="FOREGROUND" value="268bd2" />
        <option name="BACKGROUND" />
        <option name="FONT_TYPE" value="0" />
        <option name="EFFECT_COLOR" />
        <option name="EFFECT_TYPE" value="0" />
        <option name="ERROR_STRIPE_COLOR" />
      </value>
    </option>
    <option name="HAML_TAG_NAME">
      <value>
        <option name="FOREGROUND" value="859900" />
        <option name="BACKGROUND" />
        <option name="FONT_TYPE" value="0" />
        <option name="EFFECT_COLOR" />
        <option name="EFFECT_TYPE" value="0" />
        <option name="ERROR_STRIPE_COLOR" />
      </value>
    </option>
    <option name="HAML_XHTML">
      <value>
        <option name="FOREGROUND" value="93a1a1" />
        <option name="BACKGROUND" />
        <option name="FONT_TYPE" value="1" />
        <option name="EFFECT_COLOR" />
        <option name="EFFECT_TYPE" value="0" />
        <option name="ERROR_STRIPE_COLOR" />
      </value>
    </option>
    <option name="HTML_ATTRIBUTE_NAME">
      <value>
        <option name="FOREGROUND" value="708284" />
        <option name="BACKGROUND" />
        <option name="FONT_TYPE" value="0" />
        <option name="EFFECT_COLOR" />
        <option name="EFFECT_TYPE" value="0" />
        <option name="ERROR_STRIPE_COLOR" />
      </value>
    </option>
    <option name="HTML_ATTRIBUTE_VALUE">
      <value>
        <option name="FOREGROUND" value="269186" />
        <option name="BACKGROUND" />
        <option name="FONT_TYPE" value="0" />
        <option name="EFFECT_COLOR" />
        <option name="EFFECT_TYPE" value="0" />
        <option name="ERROR_STRIPE_COLOR" />
      </value>
    </option>
    <option name="HTML_COMMENT">
      <value>
        <option name="FOREGROUND" value="93a1a1" />
        <option name="BACKGROUND" />
        <option name="FONT_TYPE" value="2" />
        <option name="EFFECT_COLOR" />
        <option name="EFFECT_TYPE" value="0" />
        <option name="ERROR_STRIPE_COLOR" />
      </value>
    </option>
    <option name="HTML_ENTITY_REFERENCE">
      <value>
        <option name="FOREGROUND" value="6c71c4" />
        <option name="BACKGROUND" />
        <option name="FONT_TYPE" value="2" />
        <option name="EFFECT_COLOR" />
        <option name="EFFECT_TYPE" value="0" />
        <option name="ERROR_STRIPE_COLOR" />
      </value>
    </option>
    <option name="HTML_TAG">
      <value>
        <option name="FOREGROUND" value="288cd2" />
        <option name="BACKGROUND" />
        <option name="FONT_TYPE" value="0" />
        <option name="EFFECT_COLOR" />
        <option name="EFFECT_TYPE" value="0" />
        <option name="ERROR_STRIPE_COLOR" />
      </value>
    </option>
    <option name="HTML_TAG_NAME">
      <value>
        <option name="FOREGROUND" value="288cd2" />
        <option name="BACKGROUND" />
        <option name="FONT_TYPE" value="0" />
        <option name="EFFECT_COLOR" />
        <option name="EFFECT_TYPE" value="0" />
        <option name="ERROR_STRIPE_COLOR" />
      </value>
    </option>
    <option name="HYPERLINK_ATTRIBUTES">
      <value>
        <option name="FOREGROUND" value="268bd2" />
        <option name="BACKGROUND" />
        <option name="FONT_TYPE" value="2" />
        <option name="EFFECT_COLOR" value="268bd2" />
        <option name="EFFECT_TYPE" value="1" />
        <option name="ERROR_STRIPE_COLOR" />
      </value>
    </option>
    <option name="IDENTIFIER_UNDER_CARET_ATTRIBUTES">
      <value>
        <option name="FOREGROUND" />
        <option name="BACKGROUND" />
        <option name="FONT_TYPE" value="0" />
        <option name="EFFECT_COLOR" value="6c71c4" />
        <option name="EFFECT_TYPE" value="1" />
        <option name="ERROR_STRIPE_COLOR" value="ccccff" />
      </value>
    </option>
    <option name="INFO_ATTRIBUTES">
      <value>
        <option name="FOREGROUND" />
        <option name="BACKGROUND" />
        <option name="FONT_TYPE" value="0" />
        <option name="EFFECT_COLOR" value="93a1a1" />
        <option name="EFFECT_TYPE" value="5" />
        <option name="ERROR_STRIPE_COLOR" value="ffffcc" />
      </value>
    </option>
    <option name="INJECTED_LANGUAGE_FRAGMENT">
      <value>
        <option name="FOREGROUND" />
        <option name="BACKGROUND" />
        <option name="FONT_TYPE" value="0" />
        <option name="EFFECT_COLOR" />
        <option name="EFFECT_TYPE" value="0" />
        <option name="ERROR_STRIPE_COLOR" />
      </value>
    </option>
    <option name="JS.BADCHARACTER">
      <value>
        <option name="FOREGROUND" value="dc322f" />
        <option name="BACKGROUND" />
        <option name="FONT_TYPE" value="0" />
        <option name="EFFECT_COLOR" />
        <option name="EFFECT_TYPE" value="0" />
        <option name="ERROR_STRIPE_COLOR" />
      </value>
    </option>
    <option name="JS.BLOCK_COMMENT">
      <value>
        <option name="FOREGROUND" value="93a1a1" />
        <option name="BACKGROUND" />
        <option name="FONT_TYPE" value="2" />
        <option name="EFFECT_COLOR" />
        <option name="EFFECT_TYPE" value="0" />
        <option name="ERROR_STRIPE_COLOR" />
      </value>
    </option>
    <option name="JS.DOC_COMMENT">
      <value>
        <option name="FOREGROUND" value="93a1a1" />
        <option name="BACKGROUND" />
        <option name="FONT_TYPE" value="2" />
        <option name="EFFECT_COLOR" />
        <option name="EFFECT_TYPE" value="0" />
        <option name="ERROR_STRIPE_COLOR" />
      </value>
    </option>
    <option name="JS.DOC_MARKUP">
      <value>
        <option name="FOREGROUND" value="93a1a1" />
        <option name="BACKGROUND" />
        <option name="FONT_TYPE" value="0" />
        <option name="EFFECT_COLOR" />
        <option name="EFFECT_TYPE" value="0" />
        <option name="ERROR_STRIPE_COLOR" />
      </value>
    </option>
    <option name="JS.DOC_TAG">
      <value>
        <option name="FOREGROUND" value="93a1a1" />
        <option name="BACKGROUND" />
        <option name="FONT_TYPE" value="0" />
        <option name="EFFECT_COLOR" />
        <option name="EFFECT_TYPE" value="1" />
        <option name="ERROR_STRIPE_COLOR" />
      </value>
    </option>
    <option name="JS.GLOBAL_FUNCTION">
      <value>
        <option name="FOREGROUND" value="cb4b16" />
        <option name="BACKGROUND" />
        <option name="FONT_TYPE" value="0" />
        <option name="EFFECT_COLOR" />
        <option name="EFFECT_TYPE" value="0" />
        <option name="ERROR_STRIPE_COLOR" />
      </value>
    </option>
    <option name="JS.GLOBAL_VARIABLE">
      <value>
        <option name="FOREGROUND" value="93a1a1" />
        <option name="BACKGROUND" />
        <option name="FONT_TYPE" value="1" />
        <option name="EFFECT_COLOR" />
        <option name="EFFECT_TYPE" value="0" />
        <option name="ERROR_STRIPE_COLOR" />
      </value>
    </option>
    <option name="JS.INSTANCE_MEMBER_FUNCTION">
      <value>
        <option name="FOREGROUND" value="93a1a1" />
        <option name="BACKGROUND" />
        <option name="FONT_TYPE" value="0" />
        <option name="EFFECT_COLOR" />
        <option name="EFFECT_TYPE" value="-1" />
        <option name="ERROR_STRIPE_COLOR" />
      </value>
    </option>
    <option name="JS.INSTANCE_MEMBER_VARIABLE">
      <value>
        <option name="FOREGROUND" value="93a1a1" />
        <option name="BACKGROUND" />
        <option name="FONT_TYPE" value="0" />
        <option name="EFFECT_COLOR" />
        <option name="EFFECT_TYPE" value="0" />
        <option name="ERROR_STRIPE_COLOR" />
      </value>
    </option>
    <option name="JS.INVALID_STRING_ESCAPE">
      <value>
        <option name="FOREGROUND" value="2aa198" />
        <option name="BACKGROUND" />
        <option name="FONT_TYPE" value="0" />
        <option name="EFFECT_COLOR" />
        <option name="EFFECT_TYPE" value="0" />
        <option name="ERROR_STRIPE_COLOR" />
      </value>
    </option>
    <option name="JS.KEYWORD">
      <value>
        <option name="FOREGROUND" value="268bd2" />
        <option name="BACKGROUND" />
        <option name="FONT_TYPE" value="0" />
        <option name="EFFECT_COLOR" />
        <option name="EFFECT_TYPE" value="0" />
        <option name="ERROR_STRIPE_COLOR" />
      </value>
    </option>
    <option name="JS.LINE_COMMENT">
      <value>
        <option name="FOREGROUND" value="93a1a1" />
        <option name="BACKGROUND" />
        <option name="FONT_TYPE" value="2" />
        <option name="EFFECT_COLOR" />
        <option name="EFFECT_TYPE" value="0" />
        <option name="ERROR_STRIPE_COLOR" />
      </value>
    </option>
    <option name="JS.LOCAL_VARIABLE">
      <value>
        <option name="FOREGROUND" value="859900" />
        <option name="BACKGROUND" />
        <option name="FONT_TYPE" value="0" />
        <option name="EFFECT_COLOR" />
        <option name="EFFECT_TYPE" value="-1" />
        <option name="ERROR_STRIPE_COLOR" />
      </value>
    </option>
    <option name="JS.NUMBER">
      <value>
        <option name="FOREGROUND" value="268bd2" />
        <option name="BACKGROUND" />
        <option name="FONT_TYPE" value="0" />
        <option name="EFFECT_COLOR" />
        <option name="EFFECT_TYPE" value="0" />
        <option name="ERROR_STRIPE_COLOR" />
      </value>
    </option>
    <option name="JS.PARAMETER">
      <value>
        <option name="FOREGROUND" value="b58900" />
        <option name="BACKGROUND" />
        <option name="FONT_TYPE" value="0" />
        <option name="EFFECT_COLOR" />
        <option name="EFFECT_TYPE" value="1" />
        <option name="ERROR_STRIPE_COLOR" />
      </value>
    </option>
    <option name="JS.REGEXP">
      <value>
        <option name="FOREGROUND" value="6c71c4" />
        <option name="BACKGROUND" />
        <option name="FONT_TYPE" value="0" />
        <option name="EFFECT_COLOR" />
        <option name="EFFECT_TYPE" value="-1" />
        <option name="ERROR_STRIPE_COLOR" />
      </value>
    </option>
    <option name="JS.STATIC_MEMBER_VARIABLE">
      <value>
        <option name="FOREGROUND" value="268bd2" />
        <option name="BACKGROUND" />
        <option name="FONT_TYPE" value="2" />
        <option name="EFFECT_COLOR" />
        <option name="EFFECT_TYPE" value="0" />
        <option name="ERROR_STRIPE_COLOR" />
      </value>
    </option>
    <option name="JS.STRING">
      <value>
        <option name="FOREGROUND" value="2aa198" />
        <option name="BACKGROUND" />
        <option name="FONT_TYPE" value="0" />
        <option name="EFFECT_COLOR" />
        <option name="EFFECT_TYPE" value="0" />
        <option name="ERROR_STRIPE_COLOR" />
      </value>
    </option>
    <option name="JS.VALID_STRING_ESCAPE">
      <value>
        <option name="FOREGROUND" value="6c71c4" />
        <option name="BACKGROUND" />
        <option name="FONT_TYPE" value="0" />
        <option name="EFFECT_COLOR" />
        <option name="EFFECT_TYPE" value="0" />
        <option name="ERROR_STRIPE_COLOR" />
      </value>
    </option>
    <option name="JSP_ATTRIBUTE_NAME">
      <value>
        <option name="FOREGROUND" />
        <option name="BACKGROUND" />
        <option name="FONT_TYPE" value="0" />
        <option name="EFFECT_COLOR" />
        <option name="EFFECT_TYPE" value="0" />
        <option name="ERROR_STRIPE_COLOR" />
      </value>
    </option>
    <option name="JSP_ATTRIBUTE_VALUE">
      <value>
        <option name="FOREGROUND" value="2aa198" />
        <option name="BACKGROUND" />
        <option name="FONT_TYPE" value="0" />
        <option name="EFFECT_COLOR" />
        <option name="EFFECT_TYPE" value="0" />
        <option name="ERROR_STRIPE_COLOR" />
      </value>
    </option>
    <option name="JSP_COMMENT">
      <value>
        <option name="FOREGROUND" value="93a1a1" />
        <option name="BACKGROUND" />
        <option name="FONT_TYPE" value="2" />
        <option name="EFFECT_COLOR" />
        <option name="EFFECT_TYPE" value="0" />
        <option name="ERROR_STRIPE_COLOR" />
      </value>
    </option>
    <option name="JSP_DIRECTIVE_BACKGROUND">
      <value>
        <option name="FOREGROUND" />
        <option name="BACKGROUND" />
        <option name="FONT_TYPE" value="0" />
        <option name="EFFECT_COLOR" />
        <option name="EFFECT_TYPE" value="0" />
        <option name="ERROR_STRIPE_COLOR" />
      </value>
    </option>
    <option name="JSP_DIRECTIVE_NAME">
      <value>
        <option name="FOREGROUND" value="268bd2" />
        <option name="BACKGROUND" />
        <option name="FONT_TYPE" value="0" />
        <option name="EFFECT_COLOR" />
        <option name="EFFECT_TYPE" value="0" />
        <option name="ERROR_STRIPE_COLOR" />
      </value>
    </option>
    <option name="JSP_SCRIPTING_BACKGROUND">
      <value>
        <option name="FOREGROUND" value="dc322f" />
        <option name="BACKGROUND" />
        <option name="FONT_TYPE" value="0" />
        <option name="EFFECT_COLOR" />
        <option name="EFFECT_TYPE" value="0" />
        <option name="ERROR_STRIPE_COLOR" />
      </value>
    </option>
    <option name="LESS_INJECTED_CODE">
      <value>
        <option name="FOREGROUND" />
        <option name="BACKGROUND" />
        <option name="FONT_TYPE" value="2" />
        <option name="EFFECT_COLOR" />
        <option name="EFFECT_TYPE" value="0" />
        <option name="ERROR_STRIPE_COLOR" />
      </value>
    </option>
    <option name="LESS_JS_CODE_DELIM">
      <value>
        <option name="FOREGROUND" />
        <option name="BACKGROUND" />
        <option name="FONT_TYPE" value="0" />
        <option name="EFFECT_COLOR" />
        <option name="EFFECT_TYPE" value="0" />
        <option name="ERROR_STRIPE_COLOR" />
      </value>
    </option>
    <option name="LESS_VARIABLE">
      <value>
        <option name="FOREGROUND" value="859900" />
        <option name="BACKGROUND" />
        <option name="FONT_TYPE" value="0" />
        <option name="EFFECT_COLOR" />
        <option name="EFFECT_TYPE" value="0" />
        <option name="ERROR_STRIPE_COLOR" />
      </value>
    </option>
    <option name="LINE_FULL_COVERAGE">
      <value>
        <option name="FOREGROUND" value="859900" />
        <option name="BACKGROUND" />
        <option name="FONT_TYPE" value="1" />
        <option name="EFFECT_COLOR" />
        <option name="EFFECT_TYPE" value="0" />
        <option name="ERROR_STRIPE_COLOR" />
      </value>
    </option>
    <option name="LINE_NONE_COVERAGE">
      <value>
        <option name="FOREGROUND" value="d33682" />
        <option name="BACKGROUND" />
        <option name="FONT_TYPE" value="1" />
        <option name="EFFECT_COLOR" />
        <option name="EFFECT_TYPE" value="0" />
        <option name="ERROR_STRIPE_COLOR" />
      </value>
    </option>
    <option name="LINE_PARTIAL_COVERAGE">
      <value>
        <option name="FOREGROUND" value="2aa198" />
        <option name="BACKGROUND" />
        <option name="FONT_TYPE" value="1" />
        <option name="EFFECT_COLOR" />
        <option name="EFFECT_TYPE" value="0" />
        <option name="ERROR_STRIPE_COLOR" />
      </value>
    </option>
    <option name="LOCALE.LINE_COMMENT">
      <value>
        <option name="FOREGROUND" value="93a1a1" />
        <option name="BACKGROUND" />
        <option name="FONT_TYPE" value="2" />
        <option name="EFFECT_COLOR" />
        <option name="EFFECT_TYPE" value="0" />
        <option name="ERROR_STRIPE_COLOR" />
      </value>
    </option>
    <option name="LOCALE.MSGCTXT_KEYWORD">
      <value>
        <option name="FOREGROUND" value="859900" />
        <option name="BACKGROUND" />
        <option name="FONT_TYPE" value="0" />
        <option name="EFFECT_COLOR" />
        <option name="EFFECT_TYPE" value="0" />
        <option name="ERROR_STRIPE_COLOR" />
      </value>
    </option>
    <option name="LOCALE.MSGID_KEYWORD">
      <value>
        <option name="FOREGROUND" value="b58900" />
        <option name="BACKGROUND" />
        <option name="FONT_TYPE" value="0" />
        <option name="EFFECT_COLOR" />
        <option name="EFFECT_TYPE" value="0" />
        <option name="ERROR_STRIPE_COLOR" />
      </value>
    </option>
    <option name="LOCALE.MSGID_PLURAL_KEYWORD">
      <value>
        <option name="FOREGROUND" value="b58900" />
        <option name="BACKGROUND" />
        <option name="FONT_TYPE" value="0" />
        <option name="EFFECT_COLOR" />
        <option name="EFFECT_TYPE" value="0" />
        <option name="ERROR_STRIPE_COLOR" />
      </value>
    </option>
    <option name="LOCALE.MSGSTR_KEYWORD">
      <value>
        <option name="FOREGROUND" value="b58900" />
        <option name="BACKGROUND" />
        <option name="FONT_TYPE" value="0" />
        <option name="EFFECT_COLOR" />
        <option name="EFFECT_TYPE" value="0" />
        <option name="ERROR_STRIPE_COLOR" />
      </value>
    </option>
    <option name="LOCALE.MSGSTR_PLURAL_KEYWORD">
      <value>
        <option name="FOREGROUND" value="b58900" />
        <option name="BACKGROUND" />
        <option name="FONT_TYPE" value="0" />
        <option name="EFFECT_COLOR" />
        <option name="EFFECT_TYPE" value="0" />
        <option name="ERROR_STRIPE_COLOR" />
      </value>
    </option>
    <option name="LOCALE.STRING_LITERAL">
      <value>
        <option name="FOREGROUND" value="2aa198" />
        <option name="BACKGROUND" />
        <option name="FONT_TYPE" value="0" />
        <option name="EFFECT_COLOR" />
        <option name="EFFECT_TYPE" value="0" />
        <option name="ERROR_STRIPE_COLOR" />
      </value>
    </option>
    <option name="LOG_ERROR_OUTPUT">
      <value>
        <option name="FOREGROUND" value="dc322f" />
        <option name="BACKGROUND" />
        <option name="FONT_TYPE" value="0" />
        <option name="EFFECT_COLOR" />
        <option name="EFFECT_TYPE" value="0" />
        <option name="ERROR_STRIPE_COLOR" />
      </value>
    </option>
    <option name="LOG_EXPIRED_ENTRY">
      <value>
        <option name="FOREGROUND" value="6c71c4" />
        <option name="BACKGROUND" />
        <option name="FONT_TYPE" value="0" />
        <option name="EFFECT_COLOR" />
        <option name="EFFECT_TYPE" value="0" />
        <option name="ERROR_STRIPE_COLOR" />
      </value>
    </option>
    <option name="LOG_WARNING_OUTPUT">
      <value>
        <option name="FOREGROUND" value="859900" />
        <option name="BACKGROUND" />
        <option name="FONT_TYPE" value="0" />
        <option name="EFFECT_COLOR" />
        <option name="EFFECT_TYPE" value="0" />
        <option name="ERROR_STRIPE_COLOR" />
      </value>
    </option>
    <option name="MATCHED_BRACE_ATTRIBUTES">
      <value>
        <option name="FOREGROUND" value="d33682" />
        <option name="BACKGROUND" />
        <option name="FONT_TYPE" value="1" />
        <option name="EFFECT_COLOR" />
        <option name="EFFECT_TYPE" value="0" />
        <option name="ERROR_STRIPE_COLOR" />
      </value>
    </option>
    <option name="NOT_USED_ELEMENT_ATTRIBUTES">
      <value>
        <option name="FOREGROUND" />
        <option name="BACKGROUND" />
        <option name="FONT_TYPE" value="0" />
        <option name="EFFECT_COLOR" />
        <option name="EFFECT_TYPE" value="0" />
        <option name="ERROR_STRIPE_COLOR" />
      </value>
    </option>
    <option name="PHP_BAD_CHARACTER">
      <value>
        <option name="FOREGROUND" />
        <option name="BACKGROUND" />
        <option name="FONT_TYPE" value="0" />
        <option name="EFFECT_COLOR" />
        <option name="EFFECT_TYPE" value="0" />
        <option name="ERROR_STRIPE_COLOR" />
      </value>
    </option>
    <option name="PHP_COMMENT">
      <value>
        <option name="FOREGROUND" value="93a1a1" />
        <option name="BACKGROUND" />
        <option name="FONT_TYPE" value="2" />
        <option name="EFFECT_COLOR" />
        <option name="EFFECT_TYPE" value="0" />
        <option name="ERROR_STRIPE_COLOR" />
      </value>
    </option>
    <option name="PHP_CONSTANT">
      <value>
        <option name="FOREGROUND" value="cb4b16" />
        <option name="BACKGROUND" />
        <option name="FONT_TYPE" value="2" />
        <option name="EFFECT_COLOR" />
        <option name="EFFECT_TYPE" value="0" />
        <option name="ERROR_STRIPE_COLOR" />
      </value>
    </option>
    <option name="PHP_DOC_COMMENT_ID">
      <value>
        <option name="FOREGROUND" value="93a1a1" />
        <option name="BACKGROUND" />
        <option name="FONT_TYPE" value="2" />
        <option name="EFFECT_COLOR" />
        <option name="EFFECT_TYPE" value="0" />
        <option name="ERROR_STRIPE_COLOR" />
      </value>
    </option>
    <option name="PHP_DOC_TAG">
      <value>
        <option name="FOREGROUND" />
        <option name="BACKGROUND" />
        <option name="FONT_TYPE" value="0" />
        <option name="EFFECT_COLOR" />
        <option name="EFFECT_TYPE" value="1" />
        <option name="ERROR_STRIPE_COLOR" />
      </value>
    </option>
    <option name="PHP_ESCAPE_SEQUENCE">
      <value>
        <option name="FOREGROUND" value="6c71c4" />
        <option name="BACKGROUND" />
        <option name="FONT_TYPE" value="0" />
        <option name="EFFECT_COLOR" />
        <option name="EFFECT_TYPE" value="0" />
        <option name="ERROR_STRIPE_COLOR" />
      </value>
    </option>
    <option name="PHP_EXEC_COMMAND_ID">
      <value>
        <option name="FOREGROUND" />
        <option name="BACKGROUND" />
        <option name="FONT_TYPE" value="0" />
        <option name="EFFECT_COLOR" />
        <option name="EFFECT_TYPE" value="0" />
        <option name="ERROR_STRIPE_COLOR" />
      </value>
    </option>
    <option name="PHP_HEREDOC_CONTENT">
      <value>
        <option name="FOREGROUND" />
        <option name="BACKGROUND" />
        <option name="FONT_TYPE" value="0" />
        <option name="EFFECT_COLOR" />
        <option name="EFFECT_TYPE" value="0" />
        <option name="ERROR_STRIPE_COLOR" />
      </value>
    </option>
    <option name="PHP_HEREDOC_ID">
      <value>
        <option name="FOREGROUND" />
        <option name="BACKGROUND" />
        <option name="FONT_TYPE" value="0" />
        <option name="EFFECT_COLOR" value="808080" />
        <option name="EFFECT_TYPE" value="1" />
        <option name="ERROR_STRIPE_COLOR" />
      </value>
    </option>
    <option name="PHP_IDENTIFIER">
      <value>
        <option name="FOREGROUND" value="b58900" />
        <option name="BACKGROUND" />
        <option name="FONT_TYPE" value="0" />
        <option name="EFFECT_COLOR" />
        <option name="EFFECT_TYPE" value="0" />
        <option name="ERROR_STRIPE_COLOR" />
      </value>
    </option>
    <option name="PHP_KEYWORD">
      <value>
        <option name="FOREGROUND" value="cb4b16" />
        <option name="BACKGROUND" />
        <option name="FONT_TYPE" value="0" />
        <option name="EFFECT_COLOR" />
        <option name="EFFECT_TYPE" value="0" />
        <option name="ERROR_STRIPE_COLOR" />
      </value>
    </option>
    <option name="PHP_MARKUP_ID">
      <value>
        <option name="FOREGROUND" />
        <option name="BACKGROUND" />
        <option name="FONT_TYPE" value="0" />
        <option name="EFFECT_COLOR" />
        <option name="EFFECT_TYPE" value="0" />
        <option name="ERROR_STRIPE_COLOR" />
      </value>
    </option>
    <option name="PHP_NUMBER">
      <value>
        <option name="FOREGROUND" value="268bd2" />
        <option name="BACKGROUND" />
        <option name="FONT_TYPE" value="0" />
        <option name="EFFECT_COLOR" />
        <option name="EFFECT_TYPE" value="0" />
        <option name="ERROR_STRIPE_COLOR" />
      </value>
    </option>
    <option name="PHP_PREDEFINED SYMBOL">
      <value>
        <option name="FOREGROUND" value="6c71c4" />
        <option name="BACKGROUND" />
        <option name="FONT_TYPE" value="0" />
        <option name="EFFECT_COLOR" />
        <option name="EFFECT_TYPE" value="0" />
        <option name="ERROR_STRIPE_COLOR" />
      </value>
    </option>
    <option name="PHP_SCRIPTING_BACKGROUND">
      <value>
        <option name="FOREGROUND" />
        <option name="BACKGROUND" />
        <option name="FONT_TYPE" value="0" />
        <option name="EFFECT_COLOR" />
        <option name="EFFECT_TYPE" value="0" />
        <option name="ERROR_STRIPE_COLOR" />
      </value>
    </option>
    <option name="PHP_STRING">
      <value>
        <option name="FOREGROUND" value="2aa198" />
        <option name="BACKGROUND" />
        <option name="FONT_TYPE" value="0" />
        <option name="EFFECT_COLOR" />
        <option name="EFFECT_TYPE" value="0" />
        <option name="ERROR_STRIPE_COLOR" />
      </value>
    </option>
    <option name="PHP_TAG">
      <value>
        <option name="FOREGROUND" value="dc322f" />
        <option name="BACKGROUND" />
        <option name="FONT_TYPE" value="0" />
        <option name="EFFECT_COLOR" />
        <option name="EFFECT_TYPE" value="0" />
        <option name="ERROR_STRIPE_COLOR" />
      </value>
    </option>
    <option name="PHP_VAR">
      <value>
        <option name="FOREGROUND" value="859900" />
        <option name="BACKGROUND" />
        <option name="FONT_TYPE" value="0" />
        <option name="EFFECT_COLOR" />
        <option name="EFFECT_TYPE" value="0" />
        <option name="ERROR_STRIPE_COLOR" />
      </value>
    </option>
    <option name="REGEXP.BAD_CHARACTER">
      <value>
        <option name="FOREGROUND" value="dc322f" />
        <option name="BACKGROUND" />
        <option name="FONT_TYPE" value="0" />
        <option name="EFFECT_COLOR" />
        <option name="EFFECT_TYPE" value="0" />
        <option name="ERROR_STRIPE_COLOR" />
      </value>
    </option>
    <option name="REGEXP.CHAR_CLASS">
      <value>
        <option name="FOREGROUND" />
        <option name="BACKGROUND" />
        <option name="FONT_TYPE" value="0" />
        <option name="EFFECT_COLOR" />
        <option name="EFFECT_TYPE" value="0" />
        <option name="ERROR_STRIPE_COLOR" />
      </value>
    </option>
    <option name="REGEXP.COMMENT">
      <value>
        <option name="FOREGROUND" value="93a1a1" />
        <option name="BACKGROUND" />
        <option name="FONT_TYPE" value="2" />
        <option name="EFFECT_COLOR" />
        <option name="EFFECT_TYPE" value="0" />
        <option name="ERROR_STRIPE_COLOR" />
      </value>
    </option>
    <option name="REGEXP.ESC_CHARACTER">
      <value>
        <option name="FOREGROUND" value="6c71c4" />
        <option name="BACKGROUND" />
        <option name="FONT_TYPE" value="1" />
        <option name="EFFECT_COLOR" />
        <option name="EFFECT_TYPE" value="0" />
        <option name="ERROR_STRIPE_COLOR" />
      </value>
    </option>
    <option name="REGEXP.INVALID_STRING_ESCAPE">
      <value>
        <option name="FOREGROUND" value="d01f1e" />
        <option name="BACKGROUND" />
        <option name="FONT_TYPE" value="0" />
        <option name="EFFECT_COLOR" />
        <option name="EFFECT_TYPE" value="0" />
        <option name="ERROR_STRIPE_COLOR" />
      </value>
    </option>
    <option name="REGEXP.META">
      <value>
        <option name="FOREGROUND" value="859900" />
        <option name="BACKGROUND" />
        <option name="FONT_TYPE" value="1" />
        <option name="EFFECT_COLOR" />
        <option name="EFFECT_TYPE" value="0" />
        <option name="ERROR_STRIPE_COLOR" />
      </value>
    </option>
    <option name="REGEXP.QUOTE_CHARACTER">
      <value>
        <option name="FOREGROUND" />
        <option name="BACKGROUND" />
        <option name="FONT_TYPE" value="0" />
        <option name="EFFECT_COLOR" />
        <option name="EFFECT_TYPE" value="0" />
        <option name="ERROR_STRIPE_COLOR" />
      </value>
    </option>
    <option name="REGEXP.REDUNDANT_ESCAPE">
      <value>
        <option name="FOREGROUND" value="cb4b16" />
        <option name="BACKGROUND" />
        <option name="FONT_TYPE" value="1" />
        <option name="EFFECT_COLOR" />
        <option name="EFFECT_TYPE" value="0" />
        <option name="ERROR_STRIPE_COLOR" />
      </value>
    </option>
    <option name="REST.BOLD">
      <value>
        <option name="FOREGROUND" />
        <option name="BACKGROUND" />
        <option name="FONT_TYPE" value="1" />
        <option name="EFFECT_COLOR" />
        <option name="EFFECT_TYPE" value="-1" />
        <option name="ERROR_STRIPE_COLOR" />
      </value>
    </option>
    <option name="REST.EXPLICIT">
      <value>
        <option name="FOREGROUND" value="cb4b16" />
        <option name="BACKGROUND" />
        <option name="FONT_TYPE" value="0" />
        <option name="EFFECT_COLOR" />
        <option name="EFFECT_TYPE" value="0" />
        <option name="ERROR_STRIPE_COLOR" />
      </value>
    </option>
    <option name="REST.FIELD">
      <value>
        <option name="FOREGROUND" value="b58900" />
        <option name="BACKGROUND" />
        <option name="FONT_TYPE" value="0" />
        <option name="EFFECT_COLOR" />
        <option name="EFFECT_TYPE" value="0" />
        <option name="ERROR_STRIPE_COLOR" />
      </value>
    </option>
    <option name="REST.FIXED">
      <value>
        <option name="FOREGROUND" value="268bd2" />
        <option name="BACKGROUND" />
        <option name="FONT_TYPE" value="0" />
        <option name="EFFECT_COLOR" />
        <option name="EFFECT_TYPE" value="-1" />
        <option name="ERROR_STRIPE_COLOR" />
      </value>
    </option>
    <option name="REST.INLINE">
      <value>
        <option name="FOREGROUND" value="93a1a1" />
        <option name="BACKGROUND" />
        <option name="FONT_TYPE" value="0" />
        <option name="EFFECT_COLOR" />
        <option name="EFFECT_TYPE" value="-1" />
        <option name="ERROR_STRIPE_COLOR" />
      </value>
    </option>
    <option name="REST.INTERPRETED">
      <value>
        <option name="FOREGROUND" value="6c71c4" />
        <option name="BACKGROUND" />
        <option name="FONT_TYPE" value="0" />
        <option name="EFFECT_COLOR" />
        <option name="EFFECT_TYPE" value="-1" />
        <option name="ERROR_STRIPE_COLOR" />
      </value>
    </option>
    <option name="REST.ITALIC">
      <value>
        <option name="FOREGROUND" />
        <option name="BACKGROUND" />
        <option name="FONT_TYPE" value="2" />
        <option name="EFFECT_COLOR" />
        <option name="EFFECT_TYPE" value="-1" />
        <option name="ERROR_STRIPE_COLOR" />
      </value>
    </option>
    <option name="REST.LINE_COMMENT">
      <value>
        <option name="FOREGROUND" value="93a1a1" />
        <option name="BACKGROUND" />
        <option name="FONT_TYPE" value="2" />
        <option name="EFFECT_COLOR" />
        <option name="EFFECT_TYPE" value="0" />
        <option name="ERROR_STRIPE_COLOR" />
      </value>
    </option>
    <option name="REST.REF.NAME">
      <value>
        <option name="FOREGROUND" value="859900" />
        <option name="BACKGROUND" />
        <option name="FONT_TYPE" value="0" />
        <option name="EFFECT_COLOR" />
        <option name="EFFECT_TYPE" value="0" />
        <option name="ERROR_STRIPE_COLOR" />
      </value>
    </option>
    <option name="REST.SECTION.HEADER">
      <value>
        <option name="FOREGROUND" value="93a1a1" />
        <option name="BACKGROUND" />
        <option name="FONT_TYPE" value="0" />
        <option name="EFFECT_COLOR" />
        <option name="EFFECT_TYPE" value="0" />
        <option name="ERROR_STRIPE_COLOR" />
      </value>
    </option>
    <option name="SASS_ATTRIBUTE">
      <value>
        <option name="FOREGROUND" value="a57800" />
        <option name="BACKGROUND" />
        <option name="FONT_TYPE" value="1" />
        <option name="EFFECT_COLOR" />
        <option name="EFFECT_TYPE" value="0" />
        <option name="ERROR_STRIPE_COLOR" />
      </value>
    </option>
    <option name="SASS_COMMENT">
      <value>
        <option name="FOREGROUND" value="93a1a1" />
        <option name="BACKGROUND" />
        <option name="FONT_TYPE" value="2" />
        <option name="EFFECT_COLOR" />
        <option name="EFFECT_TYPE" value="0" />
        <option name="ERROR_STRIPE_COLOR" />
      </value>
    </option>
    <option name="SASS_CONSTANT">
      <value>
        <option name="FOREGROUND" value="b58900" />
        <option name="BACKGROUND" />
        <option name="FONT_TYPE" value="1" />
        <option name="EFFECT_COLOR" />
        <option name="EFFECT_TYPE" value="0" />
        <option name="ERROR_STRIPE_COLOR" />
      </value>
    </option>
    <option name="SASS_DEFAULT">
      <value>
        <option name="FOREGROUND" value="dc322f" />
        <option name="BACKGROUND" />
        <option name="FONT_TYPE" value="0" />
        <option name="EFFECT_COLOR" />
        <option name="EFFECT_TYPE" value="0" />
        <option name="ERROR_STRIPE_COLOR" />
      </value>
    </option>
    <option name="SASS_DIRECTIVE">
      <value>
        <option name="FOREGROUND" value="d30102" />
        <option name="BACKGROUND" />
        <option name="FONT_TYPE" value="1" />
        <option name="EFFECT_COLOR" />
        <option name="EFFECT_TYPE" value="0" />
        <option name="ERROR_STRIPE_COLOR" />
      </value>
    </option>
    <option name="SASS_EXTEND">
      <value>
        <option name="FOREGROUND" value="859900" />
        <option name="BACKGROUND" />
        <option name="FONT_TYPE" value="0" />
        <option name="EFFECT_COLOR" />
        <option name="EFFECT_TYPE" value="0" />
        <option name="ERROR_STRIPE_COLOR" />
      </value>
    </option>
    <option name="SASS_FUNCTION">
      <value>
        <option name="FOREGROUND" value="657b83" />
        <option name="BACKGROUND" />
        <option name="FONT_TYPE" value="0" />
        <option name="EFFECT_COLOR" />
        <option name="EFFECT_TYPE" value="0" />
        <option name="ERROR_STRIPE_COLOR" />
      </value>
    </option>
    <option name="SASS_IDENTIFIER">
      <value>
        <option name="FOREGROUND" value="b58900" />
        <option name="BACKGROUND" />
        <option name="FONT_TYPE" value="0" />
        <option name="EFFECT_COLOR" />
        <option name="EFFECT_TYPE" value="0" />
        <option name="ERROR_STRIPE_COLOR" />
      </value>
    </option>
    <option name="SASS_IMPORTANT">
      <value>
        <option name="FOREGROUND" value="dc322f" />
        <option name="BACKGROUND" />
        <option name="FONT_TYPE" value="0" />
        <option name="EFFECT_COLOR" />
        <option name="EFFECT_TYPE" value="0" />
        <option name="ERROR_STRIPE_COLOR" />
      </value>
    </option>
    <option name="SASS_KEYWORD">
      <value>
        <option name="FOREGROUND" value="268bd2" />
        <option name="BACKGROUND" />
        <option name="FONT_TYPE" value="0" />
        <option name="EFFECT_COLOR" />
        <option name="EFFECT_TYPE" value="0" />
        <option name="ERROR_STRIPE_COLOR" />
      </value>
    </option>
    <option name="SASS_MIXIN">
      <value>
        <option name="FOREGROUND" value="d33682" />
        <option name="BACKGROUND" />
        <option name="FONT_TYPE" value="0" />
        <option name="EFFECT_COLOR" />
        <option name="EFFECT_TYPE" value="0" />
        <option name="ERROR_STRIPE_COLOR" />
      </value>
    </option>
    <option name="SASS_NUMBER">
      <value>
        <option name="FOREGROUND" value="268bd2" />
        <option name="BACKGROUND" />
        <option name="FONT_TYPE" value="0" />
        <option name="EFFECT_COLOR" />
        <option name="EFFECT_TYPE" value="0" />
        <option name="ERROR_STRIPE_COLOR" />
      </value>
    </option>
    <option name="SASS_PROPERTY_NAME">
      <value>
        <option name="FOREGROUND" value="657b83" />
        <option name="BACKGROUND" />
        <option name="FONT_TYPE" value="0" />
        <option name="EFFECT_COLOR" />
        <option name="EFFECT_TYPE" value="0" />
        <option name="ERROR_STRIPE_COLOR" />
      </value>
    </option>
    <option name="SASS_PROPERTY_VALUE">
      <value>
        <option name="FOREGROUND" value="2aa198" />
        <option name="BACKGROUND" />
        <option name="FONT_TYPE" value="0" />
        <option name="EFFECT_COLOR" />
        <option name="EFFECT_TYPE" value="0" />
        <option name="ERROR_STRIPE_COLOR" />
      </value>
    </option>
    <option name="SASS_RULE">
      <value>
        <option name="FOREGROUND" value="a57800" />
        <option name="BACKGROUND" />
        <option name="FONT_TYPE" value="1" />
        <option name="EFFECT_COLOR" />
        <option name="EFFECT_TYPE" value="0" />
        <option name="ERROR_STRIPE_COLOR" />
      </value>
    </option>
    <option name="SASS_STRING">
      <value>
        <option name="FOREGROUND" value="2aa198" />
        <option name="BACKGROUND" />
        <option name="FONT_TYPE" value="0" />
        <option name="EFFECT_COLOR" />
        <option name="EFFECT_TYPE" value="0" />
        <option name="ERROR_STRIPE_COLOR" />
      </value>
    </option>
    <option name="SASS_TAG_NAME">
      <value>
        <option name="FOREGROUND" value="859900" />
        <option name="BACKGROUND" />
        <option name="FONT_TYPE" value="0" />
        <option name="EFFECT_COLOR" />
        <option name="EFFECT_TYPE" value="0" />
        <option name="ERROR_STRIPE_COLOR" />
      </value>
    </option>
    <option name="SASS_URL">
      <value>
        <option name="FOREGROUND" value="d33682" />
        <option name="BACKGROUND" />
        <option name="FONT_TYPE" value="0" />
        <option name="EFFECT_COLOR" />
        <option name="EFFECT_TYPE" value="0" />
        <option name="ERROR_STRIPE_COLOR" />
      </value>
    </option>
    <option name="SASS_VARIABLE">
      <value>
        <option name="FOREGROUND" value="6c71c4" />
        <option name="BACKGROUND" />
        <option name="FONT_TYPE" value="0" />
        <option name="EFFECT_COLOR" />
        <option name="EFFECT_TYPE" value="0" />
        <option name="ERROR_STRIPE_COLOR" />
      </value>
    </option>
    <option name="SCOPE_KEY_All">
      <value>
        <option name="FOREGROUND" />
        <option name="BACKGROUND" />
        <option name="FONT_TYPE" value="0" />
        <option name="EFFECT_COLOR" />
        <option name="EFFECT_TYPE" value="0" />
        <option name="ERROR_STRIPE_COLOR" />
      </value>
    </option>
    <option name="SCOPE_KEY_Changed Files">
      <value>
        <option name="FOREGROUND" />
        <option name="BACKGROUND" />
        <option name="FONT_TYPE" value="0" />
        <option name="EFFECT_COLOR" />
        <option name="EFFECT_TYPE" value="0" />
        <option name="ERROR_STRIPE_COLOR" />
      </value>
    </option>
    <option name="SCOPE_KEY_Default">
      <value>
        <option name="FOREGROUND" />
        <option name="BACKGROUND" />
        <option name="FONT_TYPE" value="0" />
        <option name="EFFECT_COLOR" />
        <option name="EFFECT_TYPE" value="0" />
        <option name="ERROR_STRIPE_COLOR" />
      </value>
    </option>
    <option name="SCOPE_KEY_Failed commit: Default">
      <value>
        <option name="FOREGROUND" />
        <option name="BACKGROUND" />
        <option name="FONT_TYPE" value="0" />
        <option name="EFFECT_COLOR" />
        <option name="EFFECT_TYPE" value="0" />
        <option name="ERROR_STRIPE_COLOR" />
      </value>
    </option>
    <option name="SCOPE_KEY_Non-Project Files">
      <value>
        <option name="FOREGROUND" />
        <option name="BACKGROUND" />
        <option name="FONT_TYPE" value="0" />
        <option name="EFFECT_COLOR" />
        <option name="EFFECT_TYPE" value="0" />
        <option name="ERROR_STRIPE_COLOR" />
      </value>
    </option>
    <option name="SCOPE_KEY_Problems">
      <value>
        <option name="FOREGROUND" />
        <option name="BACKGROUND" />
        <option name="FONT_TYPE" value="0" />
        <option name="EFFECT_COLOR" />
        <option name="EFFECT_TYPE" value="0" />
        <option name="ERROR_STRIPE_COLOR" />
      </value>
    </option>
    <option name="SCOPE_KEY_Project Files">
      <value>
        <option name="FOREGROUND" />
        <option name="BACKGROUND" />
        <option name="FONT_TYPE" value="0" />
        <option name="EFFECT_COLOR" />
        <option name="EFFECT_TYPE" value="0" />
        <option name="ERROR_STRIPE_COLOR" />
      </value>
    </option>
    <option name="SCOPE_KEY_Tests">
      <value>
        <option name="FOREGROUND" />
        <option name="BACKGROUND" />
        <option name="FONT_TYPE" value="0" />
        <option name="EFFECT_COLOR" />
        <option name="EFFECT_TYPE" value="0" />
        <option name="ERROR_STRIPE_COLOR" />
      </value>
    </option>
    <option name="SEARCH_RESULT_ATTRIBUTES">
      <value>
        <option name="FOREGROUND" />
        <option name="BACKGROUND" value="eee8d5" />
        <option name="FONT_TYPE" value="0" />
        <option name="EFFECT_COLOR" />
        <option name="EFFECT_TYPE" value="0" />
        <option name="ERROR_STRIPE_COLOR" value="ccccff" />
      </value>
    </option>
    <option name="SMARTY_BACKGROUND">
      <value>
        <option name="FOREGROUND" />
        <option name="BACKGROUND" />
        <option name="FONT_TYPE" value="0" />
        <option name="EFFECT_COLOR" />
        <option name="EFFECT_TYPE" value="0" />
        <option name="ERROR_STRIPE_COLOR" />
      </value>
    </option>
    <option name="SMARTY_BAD_CHARACTER">
      <value>
        <option name="FOREGROUND" value="dc322f" />
        <option name="BACKGROUND" />
        <option name="FONT_TYPE" value="0" />
        <option name="EFFECT_COLOR" />
        <option name="EFFECT_TYPE" value="0" />
        <option name="ERROR_STRIPE_COLOR" />
      </value>
    </option>
    <option name="SMARTY_COMMENT">
      <value>
        <option name="FOREGROUND" value="586e75" />
        <option name="BACKGROUND" />
        <option name="FONT_TYPE" value="2" />
        <option name="EFFECT_COLOR" />
        <option name="EFFECT_TYPE" value="0" />
        <option name="ERROR_STRIPE_COLOR" />
      </value>
    </option>
    <option name="SMARTY_IDENTIFIER">
      <value>
        <option name="FOREGROUND" value="b58900" />
        <option name="BACKGROUND" />
        <option name="FONT_TYPE" value="0" />
        <option name="EFFECT_COLOR" />
        <option name="EFFECT_TYPE" value="0" />
        <option name="ERROR_STRIPE_COLOR" />
      </value>
    </option>
    <option name="SMARTY_KEYWORD">
      <value>
        <option name="FOREGROUND" value="268bd2" />
        <option name="BACKGROUND" />
        <option name="FONT_TYPE" value="0" />
        <option name="EFFECT_COLOR" />
        <option name="EFFECT_TYPE" value="0" />
        <option name="ERROR_STRIPE_COLOR" />
      </value>
    </option>
    <option name="SMARTY_NUMBER">
      <value>
        <option name="FOREGROUND" value="268bd2" />
        <option name="BACKGROUND" />
        <option name="FONT_TYPE" value="0" />
        <option name="EFFECT_COLOR" />
        <option name="EFFECT_TYPE" value="0" />
        <option name="ERROR_STRIPE_COLOR" />
      </value>
    </option>
    <option name="SMARTY_STRING">
      <value>
        <option name="FOREGROUND" value="2aa198" />
        <option name="BACKGROUND" />
        <option name="FONT_TYPE" value="0" />
        <option name="EFFECT_COLOR" />
        <option name="EFFECT_TYPE" value="0" />
        <option name="ERROR_STRIPE_COLOR" />
      </value>
    </option>
    <option name="SQL_BAD_CHARACTER">
      <value>
        <option name="FOREGROUND" value="dc322f" />
        <option name="BACKGROUND" />
        <option name="FONT_TYPE" value="0" />
        <option name="EFFECT_COLOR" />
        <option name="EFFECT_TYPE" value="0" />
        <option name="ERROR_STRIPE_COLOR" />
      </value>
    </option>
    <option name="SQL_COLUMN">
      <value>
        <option name="FOREGROUND" value="b58900" />
        <option name="BACKGROUND" />
        <option name="FONT_TYPE" value="0" />
        <option name="EFFECT_COLOR" />
        <option name="EFFECT_TYPE" value="0" />
        <option name="ERROR_STRIPE_COLOR" />
      </value>
    </option>
    <option name="SQL_COMMENT">
      <value>
        <option name="FOREGROUND" value="93a1a1" />
        <option name="BACKGROUND" />
        <option name="FONT_TYPE" value="2" />
        <option name="EFFECT_COLOR" />
        <option name="EFFECT_TYPE" value="0" />
        <option name="ERROR_STRIPE_COLOR" />
      </value>
    </option>
    <option name="SQL_KEYWORD">
      <value>
        <option name="FOREGROUND" value="268bd2" />
        <option name="BACKGROUND" />
        <option name="FONT_TYPE" value="0" />
        <option name="EFFECT_COLOR" />
        <option name="EFFECT_TYPE" value="0" />
        <option name="ERROR_STRIPE_COLOR" />
      </value>
    </option>
    <option name="SQL_NUMBER">
      <value>
        <option name="FOREGROUND" value="268bd2" />
        <option name="BACKGROUND" />
        <option name="FONT_TYPE" value="0" />
        <option name="EFFECT_COLOR" />
        <option name="EFFECT_TYPE" value="0" />
        <option name="ERROR_STRIPE_COLOR" />
      </value>
    </option>
    <option name="SQL_PROCEDURE">
      <value>
        <option name="FOREGROUND" value="cb4b16" />
        <option name="BACKGROUND" />
        <option name="FONT_TYPE" value="0" />
        <option name="EFFECT_COLOR" />
        <option name="EFFECT_TYPE" value="0" />
        <option name="ERROR_STRIPE_COLOR" />
      </value>
    </option>
    <option name="SQL_STRING">
      <value>
        <option name="FOREGROUND" value="2aa198" />
        <option name="BACKGROUND" />
        <option name="FONT_TYPE" value="0" />
        <option name="EFFECT_COLOR" />
        <option name="EFFECT_TYPE" value="0" />
        <option name="ERROR_STRIPE_COLOR" />
      </value>
    </option>
    <option name="SQL_VARIABLE">
      <value>
        <option name="FOREGROUND" value="859900" />
        <option name="BACKGROUND" />
        <option name="FONT_TYPE" value="0" />
        <option name="EFFECT_COLOR" />
        <option name="EFFECT_TYPE" value="0" />
        <option name="ERROR_STRIPE_COLOR" />
      </value>
    </option>
    <option name="TAG_ATTR_KEY">
      <value>
        <option name="FOREGROUND" />
        <option name="BACKGROUND" />
        <option name="FONT_TYPE" value="0" />
        <option name="EFFECT_COLOR" />
        <option name="EFFECT_TYPE" value="0" />
        <option name="ERROR_STRIPE_COLOR" />
      </value>
    </option>
    <option name="TEMPLATE_VARIABLE_ATTRIBUTES">
      <value>
        <option name="FOREGROUND" value="cb4b16" />
        <option name="BACKGROUND" />
        <option name="FONT_TYPE" value="0" />
        <option name="EFFECT_COLOR" />
        <option name="EFFECT_TYPE" value="0" />
        <option name="ERROR_STRIPE_COLOR" />
      </value>
    </option>
    <option name="TEXT">
      <value>
        <option name="FOREGROUND" value="657b83" />
        <option name="BACKGROUND" value="fdf6e3" />
        <option name="FONT_TYPE" value="0" />
        <option name="EFFECT_COLOR" />
        <option name="EFFECT_TYPE" value="0" />
        <option name="ERROR_STRIPE_COLOR" />
      </value>
    </option>
    <option name="TEXT_SEARCH_RESULT_ATTRIBUTES">
      <value>
        <option name="FOREGROUND" />
        <option name="BACKGROUND" value="eee8d5" />
        <option name="FONT_TYPE" value="0" />
        <option name="EFFECT_COLOR" />
        <option name="EFFECT_TYPE" value="0" />
        <option name="ERROR_STRIPE_COLOR" value="ff00" />
      </value>
    </option>
    <option name="TODO_DEFAULT_ATTRIBUTES">
      <value>
        <option name="FOREGROUND" value="93a1a1" />
        <option name="BACKGROUND" />
        <option name="FONT_TYPE" value="0" />
        <option name="EFFECT_COLOR" />
        <option name="EFFECT_TYPE" value="0" />
        <option name="ERROR_STRIPE_COLOR" />
      </value>
    </option>
    <option name="TWIG_BACKGROUND">
      <value>
        <option name="FOREGROUND" />
        <option name="BACKGROUND" />
        <option name="FONT_TYPE" value="0" />
        <option name="EFFECT_COLOR" />
        <option name="EFFECT_TYPE" value="0" />
        <option name="ERROR_STRIPE_COLOR" />
      </value>
    </option>
    <option name="TWIG_BAD_CHARACTER">
      <value>
        <option name="FOREGROUND" value="dc322f" />
        <option name="BACKGROUND" />
        <option name="FONT_TYPE" value="0" />
        <option name="EFFECT_COLOR" />
        <option name="EFFECT_TYPE" value="0" />
        <option name="ERROR_STRIPE_COLOR" />
      </value>
    </option>
    <option name="TWIG_COMMENT">
      <value>
        <option name="FOREGROUND" value="93a1a1" />
        <option name="BACKGROUND" />
        <option name="FONT_TYPE" value="2" />
        <option name="EFFECT_COLOR" />
        <option name="EFFECT_TYPE" value="0" />
        <option name="ERROR_STRIPE_COLOR" />
      </value>
    </option>
    <option name="TWIG_IDENTIFIER">
      <value>
        <option name="FOREGROUND" value="268bd2" />
        <option name="BACKGROUND" />
        <option name="FONT_TYPE" value="0" />
        <option name="EFFECT_COLOR" />
        <option name="EFFECT_TYPE" value="0" />
        <option name="ERROR_STRIPE_COLOR" />
      </value>
    </option>
    <option name="TWIG_KEYWORD">
      <value>
        <option name="FOREGROUND" value="859900" />
        <option name="BACKGROUND" />
        <option name="FONT_TYPE" value="0" />
        <option name="EFFECT_COLOR" />
        <option name="EFFECT_TYPE" value="0" />
        <option name="ERROR_STRIPE_COLOR" />
      </value>
    </option>
    <option name="TWIG_NUMBER">
      <value>
        <option name="FOREGROUND" value="268bd2" />
        <option name="BACKGROUND" />
        <option name="FONT_TYPE" value="0" />
        <option name="EFFECT_COLOR" />
        <option name="EFFECT_TYPE" value="0" />
        <option name="ERROR_STRIPE_COLOR" />
      </value>
    </option>
    <option name="TWIG_STRING">
      <value>
        <option name="FOREGROUND" value="2aa198" />
        <option name="BACKGROUND" />
        <option name="FONT_TYPE" value="0" />
        <option name="EFFECT_COLOR" />
        <option name="EFFECT_TYPE" value="0" />
        <option name="ERROR_STRIPE_COLOR" />
      </value>
    </option>
    <option name="TYPO">
      <value>
        <option name="FOREGROUND" />
        <option name="BACKGROUND" />
        <option name="FONT_TYPE" value="0" />
        <option name="EFFECT_COLOR" value="859900" />
        <option name="EFFECT_TYPE" value="2" />
        <option name="ERROR_STRIPE_COLOR" />
      </value>
    </option>
    <option name="UNMATCHED_BRACE_ATTRIBUTES">
      <value>
        <option name="FOREGROUND" value="dc322f" />
        <option name="BACKGROUND" />
        <option name="FONT_TYPE" value="0" />
        <option name="EFFECT_COLOR" />
        <option name="EFFECT_TYPE" value="5" />
        <option name="ERROR_STRIPE_COLOR" />
      </value>
    </option>
    <option name="WARNING_ATTRIBUTES">
      <value>
        <option name="FOREGROUND" />
        <option name="BACKGROUND" />
        <option name="FONT_TYPE" value="0" />
        <option name="EFFECT_COLOR" value="b58900" />
        <option name="EFFECT_TYPE" value="5" />
        <option name="ERROR_STRIPE_COLOR" value="ffff00" />
      </value>
    </option>
    <option name="WRITE_IDENTIFIER_UNDER_CARET_ATTRIBUTES">
      <value>
        <option name="FOREGROUND" />
        <option name="BACKGROUND" />
        <option name="FONT_TYPE" value="0" />
        <option name="EFFECT_COLOR" value="6c71c4" />
        <option name="EFFECT_TYPE" value="1" />
        <option name="ERROR_STRIPE_COLOR" value="ffcdff" />
      </value>
    </option>
    <option name="WRITE_SEARCH_RESULT_ATTRIBUTES">
      <value>
        <option name="FOREGROUND" />
        <option name="BACKGROUND" value="eee8d5" />
        <option name="FONT_TYPE" value="0" />
        <option name="EFFECT_COLOR" />
        <option name="EFFECT_TYPE" value="0" />
        <option name="ERROR_STRIPE_COLOR" />
      </value>
    </option>
    <option name="WRONG_REFERENCES_ATTRIBUTES">
      <value>
        <option name="FOREGROUND" />
        <option name="BACKGROUND" />
        <option name="FONT_TYPE" value="0" />
        <option name="EFFECT_COLOR" value="cb4b16" />
        <option name="EFFECT_TYPE" value="5" />
        <option name="ERROR_STRIPE_COLOR" />
      </value>
    </option>
    <option name="XML_ATTRIBUTE_NAME">
      <value>
        <option name="FOREGROUND" value="859900" />
        <option name="BACKGROUND" />
        <option name="FONT_TYPE" value="0" />
        <option name="EFFECT_COLOR" />
        <option name="EFFECT_TYPE" value="0" />
        <option name="ERROR_STRIPE_COLOR" />
      </value>
    </option>
    <option name="XML_ATTRIBUTE_VALUE">
      <value>
        <option name="FOREGROUND" value="2aa198" />
        <option name="BACKGROUND" />
        <option name="FONT_TYPE" value="0" />
        <option name="EFFECT_COLOR" />
        <option name="EFFECT_TYPE" value="0" />
        <option name="ERROR_STRIPE_COLOR" />
      </value>
    </option>
    <option name="XML_COMMENT">
      <value>
        <option name="FOREGROUND" value="93a1a1" />
        <option name="BACKGROUND" />
        <option name="FONT_TYPE" value="0" />
        <option name="EFFECT_COLOR" />
        <option name="EFFECT_TYPE" value="0" />
        <option name="ERROR_STRIPE_COLOR" />
      </value>
    </option>
    <option name="XML_ENTITY_REFERENCE">
      <value>
        <option name="FOREGROUND" value="cb4b16" />
        <option name="BACKGROUND" />
        <option name="FONT_TYPE" value="0" />
        <option name="EFFECT_COLOR" />
        <option name="EFFECT_TYPE" value="0" />
        <option name="ERROR_STRIPE_COLOR" />
      </value>
    </option>
    <option name="XML_PROLOGUE">
      <value>
        <option name="FOREGROUND" value="dc322f" />
        <option name="BACKGROUND" />
        <option name="FONT_TYPE" value="0" />
        <option name="EFFECT_COLOR" />
        <option name="EFFECT_TYPE" value="0" />
        <option name="ERROR_STRIPE_COLOR" />
      </value>
    </option>
    <option name="XML_TAG">
      <value>
        <option name="FOREGROUND" value="268bd2" />
        <option name="BACKGROUND" />
        <option name="FONT_TYPE" value="0" />
        <option name="EFFECT_COLOR" />
        <option name="EFFECT_TYPE" value="0" />
        <option name="ERROR_STRIPE_COLOR" />
      </value>
    </option>
    <option name="XML_TAG_DATA">
      <value>
        <option name="FOREGROUND" />
        <option name="BACKGROUND" />
        <option name="FONT_TYPE" value="0" />
        <option name="EFFECT_COLOR" />
        <option name="EFFECT_TYPE" value="0" />
        <option name="ERROR_STRIPE_COLOR" />
      </value>
    </option>
    <option name="XML_TAG_NAME">
      <value>
        <option name="FOREGROUND" value="268bd2" />
        <option name="BACKGROUND" />
        <option name="FONT_TYPE" value="0" />
        <option name="EFFECT_COLOR" />
        <option name="EFFECT_TYPE" value="0" />
        <option name="ERROR_STRIPE_COLOR" />
      </value>
    </option>
    <option name="XPATH.FUNCTION">
      <value>
        <option name="FOREGROUND" value="cb4b16" />
        <option name="BACKGROUND" />
        <option name="FONT_TYPE" value="0" />
        <option name="EFFECT_COLOR" />
        <option name="EFFECT_TYPE" value="0" />
        <option name="ERROR_STRIPE_COLOR" />
      </value>
    </option>
    <option name="XPATH.KEYWORD">
      <value>
        <option name="FOREGROUND" value="268bd2" />
        <option name="BACKGROUND" />
        <option name="FONT_TYPE" value="0" />
        <option name="EFFECT_COLOR" />
        <option name="EFFECT_TYPE" value="0" />
        <option name="ERROR_STRIPE_COLOR" />
      </value>
    </option>
    <option name="XPATH.NUMBER">
      <value>
        <option name="FOREGROUND" value="268bd2" />
        <option name="BACKGROUND" />
        <option name="FONT_TYPE" value="0" />
        <option name="EFFECT_COLOR" />
        <option name="EFFECT_TYPE" value="0" />
        <option name="ERROR_STRIPE_COLOR" />
      </value>
    </option>
    <option name="XPATH.STRING">
      <value>
        <option name="FOREGROUND" value="2aa198" />
        <option name="BACKGROUND" />
        <option name="FONT_TYPE" value="0" />
        <option name="EFFECT_COLOR" />
        <option name="EFFECT_TYPE" value="0" />
        <option name="ERROR_STRIPE_COLOR" />
      </value>
    </option>
    <option name="XPATH.XPATH_PREFIX">
      <value>
        <option name="FOREGROUND" value="d33682" />
        <option name="BACKGROUND" />
        <option name="FONT_TYPE" value="0" />
        <option name="EFFECT_COLOR" />
        <option name="EFFECT_TYPE" value="0" />
        <option name="ERROR_STRIPE_COLOR" />
      </value>
    </option>
    <option name="XPATH.XPATH_VARIABLE">
      <value>
        <option name="FOREGROUND" value="859900" />
        <option name="BACKGROUND" />
        <option name="FONT_TYPE" value="0" />
        <option name="EFFECT_COLOR" />
        <option name="EFFECT_TYPE" value="0" />
        <option name="ERROR_STRIPE_COLOR" />
      </value>
    </option>
    <option name="YAML_COMMENT">
      <value>
        <option name="FOREGROUND" value="93a1a1" />
        <option name="BACKGROUND" />
        <option name="FONT_TYPE" value="2" />
        <option name="EFFECT_COLOR" />
        <option name="EFFECT_TYPE" value="0" />
        <option name="ERROR_STRIPE_COLOR" />
      </value>
    </option>
    <option name="YAML_SCALAR_DSTRING">
      <value>
        <option name="FOREGROUND" value="2aa198" />
        <option name="BACKGROUND" />
        <option name="FONT_TYPE" value="0" />
        <option name="EFFECT_COLOR" />
        <option name="EFFECT_TYPE" value="0" />
        <option name="ERROR_STRIPE_COLOR" />
      </value>
    </option>
    <option name="YAML_SCALAR_KEY">
      <value>
        <option name="FOREGROUND" value="268bd2" />
        <option name="BACKGROUND" />
        <option name="FONT_TYPE" value="0" />
        <option name="EFFECT_COLOR" />
        <option name="EFFECT_TYPE" value="0" />
        <option name="ERROR_STRIPE_COLOR" />
      </value>
    </option>
    <option name="YAML_SCALAR_LIST">
      <value>
        <option name="FOREGROUND" />
        <option name="BACKGROUND" />
        <option name="FONT_TYPE" value="2" />
        <option name="EFFECT_COLOR" />
        <option name="EFFECT_TYPE" value="0" />
        <option name="ERROR_STRIPE_COLOR" />
      </value>
    </option>
    <option name="YAML_SCALAR_STRING">
      <value>
        <option name="FOREGROUND" value="2aa198" />
        <option name="BACKGROUND" />
        <option name="FONT_TYPE" value="0" />
        <option name="EFFECT_COLOR" />
        <option name="EFFECT_TYPE" value="0" />
        <option name="ERROR_STRIPE_COLOR" />
      </value>
    </option>
    <option name="YAML_SCALAR_VALUE">
      <value>
        <option name="FOREGROUND" />
        <option name="BACKGROUND" />
        <option name="FONT_TYPE" value="2" />
        <option name="EFFECT_COLOR" />
        <option name="EFFECT_TYPE" value="0" />
        <option name="ERROR_STRIPE_COLOR" />
      </value>
    </option>
  </attributes>
</scheme>

